No41,No43,No410,No419,No145,No175,No21,No28,No216,No225,No269,No447,No321,No356,No322,No261,No468,No481,No516,No432,No433,No456,No524,No51,No422,No423,No426,No361,No141,No178,No179,No23,No238,No243,No472,No317,No338,No318,No325,No452,No430,No264,No431,No521,No522,No52
Q8IXQ6_PARP9,-1.55584211286966,-1.55584211286966,0.579590193231527,0.544430989240471,0.475186578686463,0.439971891522699,1.70260611272131,0.888928882606994,0.689915535446008,-0.0926053161363921,0.398698722036164,1.13981847499515,-1.91191949300611,-0.471683331151519,-0.863200372251466,-0.435970296702049,-1.27803615193958,-1.55584211286966,-1.57224577511948,0.339728494291243,-0.276544523174871,-1.55584211286966,1.16392315887045,0.717451037994036,-1.55584211286966,-1.55584211286966,-1.55584211286966,0.77093479466948,0.765949143327006,0.838900922529579,0.932580806533517,0.824434839139537,-0.188933415373344,0.93947012511649,0.200939180505917,0.277201429721013,-1.55584211286966,0.400864667372685,0.229227908325217,0.477757969555938,0.366817227384938,0.256536801709509,0.459135633838662,1.17896247614562,0.964776084663793,0.573135495630685
P42704_LRPPRC,0.609743960743477,0.25812982569525,-0.155304510392259,-0.0127488949002268,0.581903977072385,0.673394607607644,1.04494518613515,0.998000245699022,0.579078211796973,-2.26592067213647,0.0534719924293665,0.975669262012857,-0.624910541387026,-0.0622187929844798,-0.623029544914843,-0.0146393736051878,-2.26592067213647,-0.566637780336191,-0.378445526728225,0.232314580702269,0.0637976548842887,-1.20266010379979,1.18604480440512,0.505618061144482,-2.26592067213647,-2.26592067213647,-2.26592067213647,0.126952194972876,0.25023841832984,1.05427053845199,1.19522850680535,0.418871828976167,-0.603256382902187,0.952004917672916,0.0835973431530526,0.0360320558946784,-0.266505116862398,0.18663138993623,0.0284407889296482,0.786858616917524,0.360512814141285,-1.09704591634569,0.378399136148908,1.48159387399076,1.16952954211269,0.66573150907862
Q66K14_TBC1D9B,-2.01760811325254,0.474964995068269,0.184191875856689,-0.105972236730746,0.745579609767751,0.541529869527492,1.01832841296085,0.454861152056339,0.49129816084547,0.18612562301361,0.570424142067943,0.555306466346825,-0.186816150356647,-0.236866866582886,-0.813580592405178,-0.355120516763948,-2.01760811325254,-0.55963119461848,-2.01760811325254,0.587854045237327,0.137086039197468,-2.01760811325254,1.00940030970377,0.409417373666471,2.04237507429856,-2.01760811325254,-2.01760811325254,0.184872830218586,0.53367136440084,0.864984660172131,0.721593167639237,0.343882623492827,-2.01760811325254,0.560812732633479,0.302651409440595,-0.0258144950529365,0.757413211025843,0.378084108047439,0.101875243386292,0.823131168233187,0.260409147860454,-1.08714040137545,0.260731438677361,0.670260218668845,0.943262546756994,0.377820226385106
Q8NF37_LPCAT1,-0.411012003119137,-2.61122597696911,0.754958851658664,-0.203432964760605,0.976669251436059,0.483568543035415,0.638923226496082,0.753855433378784,0.573938609562193,0.254823809547378,-0.430433382158526,0.866453025271195,-2.61122597696911,-0.401285215970998,-0.974281417796323,-0.36491315844118,0.519836663207009,-1.16027504628026,-2.61122597696911,-0.299262868646874,-0.269701808978218,-2.61122597696911,0.826794073652489,0.0195194384330128,1.24588544194384,-0.00761599939497633,0.554963957397082,-0.708761859163945,0.478640772123673,0.800311543513088,0.848445215416263,0.746962621053903,0.950996293825247,0.363426626903031,0.0963621884329769,-0.423436439263483,0.0716578030483832,0.468161956737942,-0.542673502611086,0.86312216738966,-0.120250686947752,-0.0380418398004951,0.830579696377639,1.04608237283798,0.954147269238362,-0.188804750707044
Q9Y6G9_DYNC1LI1,0.634984784071894,-0.120524759067063,0.409862904056358,0.183598002295687,0.405046421840672,0.596297904533765,0.896305808714828,1.01417883582017,0.822156727067424,-2.5421168212745,0.287204475084674,0.408666855706973,-0.164155937917549,0.321565877711577,-1.16891226193089,-0.409603620358057,-1.91375342096626,-0.333079636796972,-0.594879875510444,0.177605900559805,0.58746023564471,-2.5421168212745,-0.0232613585719324,-0.0214647989517824,-2.5421168212745,0.386204219334331,-0.567598879086362,0.528443682602352,0.457034549042718,0.171454067903116,1.07500455927384,0.958104391679925,-0.514167086374264,0.917039749339866,0.441008276289309,0.55126230334131,-0.49668399167999,1.04634662245372,0.614125680581669,0.583330338269484,-0.306992741743411,-2.5421168212745,0.963869538948271,-0.117604351413881,0.407676561549423,1.075310731749
Q08378_GOLGA3,1.363134207775,-1.57560298788142,-0.325115935273085,-0.259330802842484,0.939467796433749,0.915704447573974,1.46754903724806,0.664109630776153,0.675294430158495,-0.692631716564155,-0.0515220988806179,0.732706106735781,-1.50338883998846,-0.525093175520181,-0.567036433058906,-1.02235829533121,-2.30633234868325,-0.865639478813694,-1.00934001355228,-0.0768448948239875,-0.935528180550803,1.10097241169946,0.769791758465545,0.156144836329567,-1.58012528328817,1.11950238451124,-1.0850046131189,-0.229744722914078,0.383248304727648,0.919619063445764,0.593238140905531,0.371137871053485,-2.6021708367003,0.27969999395426,-0.371486678616475,0.12734773801177,-1.21989775586723,0.122787427695292,-0.0334388175241634,0.786256399192416,0.537452022604536,1.05648246494503,0.574594259863228,1.33549270981237,1.22634555956378,0.619554906311696
O75165_DNAJC13,-1.0300424198368,-0.72301022435745,0.730316845178292,0.0984549661154086,0.697744919397958,0.800929476471347,0.959240752623834,1.21821290121338,0.876232227662355,0.792650469169839,0.322935840524681,0.483150870808043,-0.313181135260086,-0.22728432800362,1.21437506232589,-0.286709421565701,-1.5490347314315,-0.00912725565832943,-0.420602635353614,0.274903036343636,0.262701339466057,-1.43658218795464,0.759697674355652,-0.100183892331193,-4.33100300544597,-1.34059186658907,-0.818453533770586,0.498192210916903,0.227312525265139,1.07160020643066,0.998123332790309,0.280526187487598,-0.15339459844341,0.495154324908802,-0.21923908923832,-0.24310543176367,-1.21630746873427,0.151080600105663,-0.131734375802495,0.672091224427962,0.717331454539381,-1.76935186698246,0.272995177431417,0.584433570905274,0.470847715491893,0.387704556165823
O75436_VPS26A,1.64279382541663,0.139360422236411,0.800870682971301,-0.134189599926377,0.513202634733737,0.0154824687384349,1.06264663840594,0.633918252855016,0.430893680984892,-1.72842395388891,0.451408786540909,0.511281783420171,-0.0308282979160785,-0.342377073995498,0.157537504849066,0.0777899260167371,0.929389016268339,1.06664925858991,-1.72842395388891,-1.72842395388891,-0.307705239390205,-1.72842395388891,-0.0157391401527928,-0.126367313136367,-1.72842395388891,-1.08131532951234,-1.72842395388891,-1.72842395388891,0.308308313637693,0.158220150724035,0.876804867641551,0.790348471472183,0.903180437257201,1.25957580093562,-0.0509129272484814,0.570262527987527,-1.72842395388891,0.388943192448283,1.77775056837296,0.489338222771144,0.117044576980418,-1.72842395388891,0.701566036288868,-0.135750858932521,0.632934965720759,0.373498350945145
Q0VD83_APOBR,0.0978542851158835,0.273728924307578,1.75264570838588,0.941785347836148,0.546872319997254,1.04329560118235,0.584698680437185,0.23452444643541,0.176195368775224,0.380963352117682,0.673875981689688,-0.540442328766287,-1.48663444028353,0.558773654559423,-0.590889985803713,0.0518490610988265,-0.890314024203496,-1.4855521829797,0.334173801573862,-1.17212135308866,1.14333710386568,-0.185672295329974,0.0481819231347914,-0.654455931492132,-0.309555772466572,0.192885742212052,1.99213656997991,0.00199255761693655,0.517324573385706,-0.309581468728758,-0.239718497007619,0.293747873091283,-0.881108587726428,-0.365232093306745,-0.800966686581728,1.52988168005803,1.05372042972051,1.85717511316464,-0.0460389050215659,-0.134356258628093,0.122449347604486,-3.67679654451515,-0.428712519236423,-0.600338293453208,-1.38209702787214,-0.223484250854482
Q96B23_ARK2N,-0.186505314452121,0.270627993528583,0.55639606153101,0.775550065223231,0.593198920744146,0.729129132288062,0.6427003019987,0.219043553233315,0.593060943400771,0.783566021434947,0.668116968370732,0.321016007961526,-2.02682759475903,-2.02682759475903,1.52323735920921,-2.02682759475903,-0.360605854668502,0.140382486751629,0.366104013025544,0.197225251016097,0.216929550146316,-2.02682759475903,0.924607730222001,0.579650361091904,-2.02682759475903,-2.02682759475903,-2.02682759475903,0.501572949433897,0.217706456772785,0.49118270793997,0.215920543374077,0.433543541152563,0.362730605588158,0.154257693103227,0.358552872918659,-0.0760529044091866,-2.02682759475903,0.364753012707256,0.00191969854656175,0.688361557355245,0.521958398906292,-0.405778758780177,0.531925773300124,0.928453903899533,0.988349912575774,0.38183124163036
P35240_NF2,0.690204296462409,-0.00838489603554585,0.482450615826793,0.347259839315452,0.530722528745696,0.54322771600179,0.926142129057207,0.706463175120996,0.426782970926107,-0.581041138881085,0.596147098459219,0.594197087066784,-0.926120262674959,0.427352425036837,0.74846858309462,-0.301949960433088,-0.46362089019347,-0.425477354176656,0.103507356662111,0.412823186006691,-0.206999338808557,-3.1551468804443,0.734441598591742,0.0945177564087402,-1.05921419503326,-3.1551468804443,-3.1551468804443,-0.0390864774806927,0.128345259423669,0.80874033015124,0.283479009862626,0.383548057888115,-0.391271711118906,0.499093990359202,0.427907356686067,-0.233932404297892,-1.31406305473211,0.299735220836197,-0.200678155706333,0.455713825012751,0.737954398750171,0.130012997192874,0.444779893217563,1.31853130848302,0.957978369699197,0.376752100559565
Q14161_GIT2,0.228051829960656,-1.52195272621495,0.880878717456354,0.285519194119282,0.912007242031366,0.670749499811229,0.837979381210694,0.477667998721614,-0.0712099090083816,0.0526394987989629,0.164595255162302,1.43994404657277,-2.10796361749306,-0.359185290685581,-0.150277868006797,-0.244604513613889,-0.843757247641204,0.344811423645365,-0.0562023937917488,-0.467166423573249,-0.293719754546958,-0.70192753625819,0.671904201306758,1.02224469628258,0.143087466188014,-4.04031293940478,-1.45361762436918,-0.364389590040256,0.00216538063257978,0.977735406176064,0.71879032982964,0.240432992210459,-1.82917797830918,0.669279607829631,0.807964230199444,0.249103798334753,-0.155932711501791,0.268797910428756,-0.0268992348912781,0.752107780200109,-0.138525846279387,-1.13799718415013,0.614149463947136,0.954736346632487,1.30428821186414,0.273188480226844
P62195_PSMC5,0.45214631148327,0.88167197920095,1.28018475436543,0.00261072944680778,0.179943414557046,0.92997600874745,0.250710393068909,0.527004454214063,0.816119265416012,0.454736270518928,0.572178006102823,0.274803525953716,-0.873824127566499,0.531503304233085,3.7250638246411,-1.09857116283233,-0.161159694407309,-0.0285798176764505,-0.226536452628098,-0.297106955265437,0.75095186068886,-2.35018355812843,0.502866467962059,-0.145513457623546,-1.88649768295015,-1.72567769798887,-1.31446352211309,0.423177162085195,0.138908957571681,0.26525120819418,0.328555372940037,0.476227776405458,1.21690372718132,-0.224368291239094,-0.725476069761254,-0.853156346694476,-0.926963054204629,-0.309731596899526,-0.342015126523746,-0.255543600065129,0.418454699496634,-1.87776653925044,-0.608212283082318,0.262777493853954,0.043171744309092,0.525448324262757
P35580_MYH10,2.37196133680707,0.586888556300755,0.488123229510318,-0.336486583545905,0.516880037590428,0.340838544720904,1.64678129163606,0.381001882922261,0.529252840638465,0.0244047060399312,0.428352245652235,0.739169615098212,-0.56886628793813,0.285061784241492,2.00375571733497,-1.22060436046699,-0.551523973748812,-0.376279037889446,2.29665381329202,-0.359818903172542,0.132438604535343,-0.997601638757746,0.359592593700044,0.0683476846942846,-2.20158926707233,-2.32603385188681,-1.36744565252994,0.24985739582362,-0.196921814510236,0.0311084339725433,0.413194003394941,0.67179742216623,-0.079976810650824,0.0558868571010832,0.241426422537211,-1.08039386722483,-0.631141381005093,-0.388602273813886,-0.307260408245066,0.107744170423894,0.25170150031301,-2.57521228689447,-0.0233333034283562,0.226021950236413,0.17521981594304,-0.0343707538453915
P43487_RANBP1,0.0761398768257211,-0.156525679957515,1.63980319325528,0.254501401081708,0.374330786777471,0.353844168719594,0.67935700635338,0.617970925575985,0.665035363785982,-0.116812303187755,0.804062741478179,0.645215135629228,0.531068334360453,-0.163944616165655,2.77032290197266,-0.896151399662286,-0.543930984973971,0.0116500960971425,0.0460990125733765,-0.215789345181075,0.496206261435371,-1.48288267202665,-0.123153938695037,0.416841442283668,-2.11045266740163,-2.9878261655733,-0.956359916482821,0.107397691545442,0.283241198222906,0.565574299193274,0.779192808514885,0.511593376612549,0.830935124181823,0.600345531724084,-0.709241086248436,-0.413631091543245,-1.84015920930398,0.334443551953034,0.352944468576038,-0.179966206681704,1.27885051836707,-1.99275638693727,-0.139014842060157,-0.579371871622444,-0.848835426444936,0.429838593053564
Q9NSK0_KLC4,0.15572747108018,0.736854148597854,0.419096914606745,0.197088405875287,0.388985743296135,0.472379782525351,0.409375167874263,0.153604144502859,0.839872173053819,0.60332199966351,0.334336517799475,0.709693897599708,-2.9037950898879,-0.0267659256607089,1.56752587288116,-0.518814308341025,-0.0667633776759917,0.0160927199096739,0.00733041843851241,0.117957494452418,0.0829665490438983,-2.76669680705505,1.09388639374678,0.348476056567601,0.124372000150475,0.761691166491356,-2.9037950898879,0.0466333578458498,-0.0911269534669184,0.441757535032909,0.381746504953942,0.598821249748954,-0.362623246030114,0.687754649148087,-0.07042552327755,-0.263338042175968,-1.20913528486145,-0.0743562107293897,-0.261571317573514,0.258468211334752,0.218713951688736,-2.9037950898879,0.588426985107638,0.65069755014306,0.632157708998044,0.377189524352341
Q12882_DPYD,-0.63455610548204,0.926610069124443,-1.07491768752036,-0.193561698559327,0.927257591725356,0.397214886776702,0.954716653094529,0.464445278120798,0.223452475352388,0.644719404757162,0.367008779074366,0.436304584556667,0.221141225956574,-0.0513550782376412,-0.333148302812682,-3.7135986414493,0.0488757724794521,0.230343322499732,-0.443324269927558,-0.0724988100459777,-0.206527182069528,-0.0310938351829872,0.796178041659587,0.00260520067513106,-0.314404853323755,-3.7135986414493,-1.57753698817838,0.177165081515187,0.452764786765371,1.09388836882496,1.1562255269615,0.479999194007103,-1.14556400205963,0.294884631919091,0.826834791140768,0.663700157168885,-0.850293353753867,0.148859124030363,-0.494519640090585,0.784478052892474,0.793954709617786,0.183046395475741,0.0439139966695799,0.174830817330441,0.66961087550124,0.265469294469536
A0MZ66_SHTN1,0.958556204336844,-0.00722261494002092,1.99498371345678,1.01668252176539,-0.142044546062608,1.5511669838533,1.27591190853161,-0.832435282963756,-0.925384313174399,0.26384425090729,1.34738005740104,-1.12439793582971,0.954663230503039,0.396989852246508,-0.590748737957703,-0.206353325638162,0.305304285097975,-1.45527548975882,-2.27726984318668,-1.01493539458418,-0.276353702757031,0.202078736903836,-0.984171952348027,-0.149590988312125,1.06947055584009,0.307055366925493,-0.550452717329675,1.22441580516045,-1.5445405788906,0.459096842288037,0.0566671205861174,-0.0658704754256483,0.696382969897568,-0.40682092860843,1.35974842489673,-0.251445007800826,1.63455974367755,-1.79378950804181,-1.29160749046418,-0.799345298893946,-1.09732735153169,-0.219347482260321,0.0784853750816633,0.886708334731685,0.642913328009968,-0.676334645338617
O43242_PSMD3,0.42365102384955,0.765268761921356,1.37763365792619,0.112049442558028,0.0429766682253445,0.734674501975466,0.411806682934325,0.981422468825544,0.671747221902975,0.498599153116188,0.465311419975101,0.389112531122884,-1.05931172306481,0.403761297595854,3.19817131772198,-1.08968497515787,0.0544288069008741,-0.10252566748022,-0.0372571993167745,-0.254000757560801,0.834550812263206,-1.54927486363474,0.453285995717268,0.3247490483192,-1.80930581533559,-2.7368477295183,-1.0199834564295,0.26391988643134,0.0247365356798386,-0.01328153001057,0.333710912150063,0.408776600082445,1.33957701102852,0.0304711933007641,-0.847460298708541,-1.1510809968974,-0.856262451840153,0.0912270485016642,-0.822754073278311,-0.496334345347879,0.133504752451232,-2.116354325172,-0.257735616173607,0.627652533580653,-0.0589290280251447,0.881607566894357
P10586_PTPRF,0.477619059043955,0.343470042802659,0.131156565933149,0.627548891428013,-0.152384912470146,0.416510481402728,-0.385960585884574,0.520641726720028,1.81789851379242,-1.40010363732424,-0.433005137777471,-0.131975528322849,-0.399881349962951,-0.229900615776346,-1.92314859748147,-0.476449221461643,-0.83871202620096,1.19244466736723,-0.795876369690394,-0.59209561407567,1.6921501017005,-0.48306262322339,-1.20991467746523,-0.630997127472522,-1.39875116290156,1.31152900094139,2.32317606424144,0.424581325093063,-0.600973713681407,-1.04572448121733,0.657729739735696,-0.202120551185066,0.340986480723462,-1.38690108907932,0.684901166519925,0.656595643865611,-0.361863940144012,1.96439341510445,1.88875532334594,0.25091753521151,0.195902777109095,0.657046745520162,-0.310545000462588,-0.691159937193243,-1.08578785774167,-1.40865950940638
Q86YV0_RASAL3,-0.549056983695927,-0.988557937200844,3.08576788602346,-0.421204068831006,-0.0310179528164653,2.02861960362077,-0.0608795027171281,-0.521738147099782,-0.782682156931687,-1.19547947756258,-0.615934596789736,-0.632353091977805,0.884985393150342,-0.338426002650307,0.0476427840065305,0.891796619166795,1.60796122260679,0.562344065512466,-0.154712964878706,-0.145144453718168,-0.294780181834617,-0.473974030838698,-0.271465929460441,0.435921163927887,0.660930936718621,-2.46949230734874,1.43795186555097,-0.870256094868083,-0.0363839985800358,-0.410405668521683,0.0783386541353684,0.29935834253663,-1.01489016321722,1.14712240740307,-0.791294170792982,0.00554952658363853,-1.77661562706623,-0.347524350961277,0.244638863829137,0.202404315324348,-0.777247577779702,-0.824652235128245,0.169020510944176,1.70581253633954,1.17347474294081,0.126528232946757
O15335_CHAD,0.332434510499709,0.796883992939345,0.577843788235882,0.0572879729205361,0.1847076296984,-0.632076129286583,-1.9200344152251,-1.36076860824397,-0.467873044243695,0.130958989153406,-0.0277104677030738,-2.03015726307572,0.993977438970019,1.15272099907861,0.220240379175966,0.20547635214799,1.54236997752808,0.464651352303543,0.542304506896597,-0.279866640414866,0.36738014950292,0.31584805160975,-1.60464309246759,0.47007820276955,1.59580922507728,0.0562001787446647,1.90114025876166,-1.30147279861468,-0.200799719354645,-1.52042223106437,-1.12555308036073,-0.201536161184981,0.16968264490285,-1.19812956887141,1.05464403571672,0.744027031698856,0.741853741152936,0.423522296853017,0.473919000059255,-0.968503233543845,0.438141525541561,0.844009574094623,0.378445515275862,-2.06168489368972,-1.42333156159057,1.148003587626
P02766_TTR,-0.8360935287056,0.806275115326042,-0.848895747070266,-0.250664384236558,-0.423851936916597,-1.32798630699404,-1.53104700754371,-0.976486468111742,-0.512670345817402,0.349576716505268,-0.165633142918946,0.122212585507802,1.56984491562654,-0.313014132899297,-0.357542853573561,2.00893246011331,0.956192009484507,-0.153577741191401,0.37503343509239,-0.578395323346446,1.3487173863113,0.808594485093306,-1.11899033702005,-0.380328882407951,-0.267267228558652,0.384135664908588,0.997725688381967,-1.00322235487655,-0.609112488463439,-0.699243425837119,-1.03892604924709,-0.452586304967515,1.88290677102215,0.230709832353689,1.39682842264152,-0.363519653895187,0.756606735990654,0.934448422025149,2.70903586684135,0.325060967649062,-0.701073778618697,0.433221924385982,-0.0582319191642449,-1.2163550771257,-2.01291951417274,-0.198423471580078
P27169_PON1,-0.804747246613663,1.41657781703912,0.124986404705738,-0.336384369998,-1.5061081561433,-0.632310022408165,-1.94253873287731,-0.82677270457347,-0.13144888630645,0.790819113276547,0.210200479799127,-0.316386702344245,0.954566810412912,0.203746395507911,-0.59880182022801,-0.479780280621811,0.948864668522405,0.286976477625782,0.16796169099014,0.17410184641237,1.25345386687364,1.63980792132494,-0.671266617142811,0.852667300912616,-0.185112237864368,0.489546419498312,0.969700996719907,0.952680842148801,-0.179677704875474,-0.521453555499876,-1.24142449863172,-0.137164986931092,1.67519932342533,-0.673045117292694,0.531293029232769,0.943334012398598,0.998866409188374,0.328638660731277,0.733381240945561,-1.8890006285067,-0.795054962566329,-0.458619870620924,-0.0454205997114697,-1.70311310320155,-2.37709487325591,1.80535595052315
P02765_AHSG,0.0626114773588741,0.229646928882239,0.589997834859618,0.268416919437211,-0.139269600141501,-0.509284146270822,-1.81719282137501,-2.13112893093231,-0.896966945058459,-0.101265872419642,0.303226857774421,-1.46225011186733,3.62137049183681,0.100682552394713,-0.045422703788907,-0.25753861582861,1.43721959378486,0.299031549678801,0.454903216440851,-0.0363640208173302,0.876124931134193,0.522840537112332,-0.745450990387168,0.274761779611239,-0.333641070408901,1.7721099163133,0.705249065151061,0.291097572955659,-0.0946962017649662,0.312568303323725,-1.65968282415069,-0.40697266639893,0.764060093096783,-0.897255178404892,-0.0356766336789084,0.521141992101184,0.555254725046315,0.283220674124569,1.36302970398208,-0.375345847523586,0.245469148373574,-0.385093761193948,-0.0837032191538599,-1.65417859989229,-1.47229346231419,-0.313361641002159
Q00796_SORD,0.230025130975296,0.113091323830621,-0.376817315694511,-0.17707808469001,-0.0393013748650237,0.00411498402449815,0.148358043786927,0.475019893543266,-1.16557178379414,-0.386544438856214,-0.234680246082816,0.169828464106221,0.654378480656353,0.229148861177971,1.37164511808896,-0.688037034657573,1.16652813250833,-0.138638035329042,0.201052512634951,0.535308541138766,-0.382332967665646,0.526674534960774,0.387952167415902,0.696371861913565,-3.90345390802722,-2.86832740863429,-0.646630540133818,-0.269407514245857,-0.0127775851042488,0.660869093876311,0.491008246680163,0.337290983654476,-0.45527998655022,0.167388288874814,0.427733797936945,2.38813251388882,-0.987534898932547,-0.91363567602956,-0.637941269657381,0.426705813712131,0.0421256982754189,-0.803612446809302,0.336606683988218,0.467704269500643,0.978656068027037,1.45388300658204
P00747_PLG,-1.47448751922325,0.707613864310508,-0.128682456914004,-0.084758851597694,-0.291188515343312,-0.966181327095985,-0.779990339653618,0.327204166779562,-0.614373757868761,0.326855223694241,-1.82788733723202,-0.199836643395323,1.80834394813225,0.430099889343314,-1.35574125407941,-0.0096858041489122,1.03242893623795,-0.385843919516366,0.456002675463789,0.483887406611573,2.91298736661894,0.421890224183708,-0.52230992114323,0.655306956658427,-0.154403776925626,0.108822133448526,0.410365398515106,0.644543767397159,-0.0966777759844349,-0.660419466906095,-0.196190497517231,0.641401391201135,0.987225626947412,0.730287551621866,0.880517220479186,-0.403776630012277,0.952613902901413,-1.19796680533178,2.12139971756267,-1.35046793521325,-0.303401233529522,-0.046690148263386,-0.225955931611865,-1.79370068637685,-2.09298987472262,0.123811041498092
P01034_CST3,0.237173294645748,0.772228858401373,0.266074161954541,0.829202684180612,-0.81471480896493,-1.69329502741741,-2.290127293104,-1.57406098193713,-1.7318076726983,0.135414723547888,-0.2549888531743,-0.414296205616276,0.793657571815522,0.431728698532389,-0.73995757158699,0.970177039858453,0.395321529233416,0.184375226585122,0.752420626255484,0.0206762767638803,0.670903593416069,1.01155535335646,-1.34687469961725,0.364178790264608,0.499390112552254,0.97111372759428,0.606596034776683,0.217914515838684,0.576071213318834,-0.716646432040056,-0.856180576718428,-0.00820289954394898,0.682080670797086,-0.833856665085319,1.26687287970194,0.638581576957449,1.35368660836615,0.214758609354911,1.75173799118429,-0.189041762672314,0.226267078260778,0.74338587907819,0.575122857118776,-1.70654071102795,-2.70765612854338,-0.280419893963859
A0A0B4J1X5_IGHV3-74,-1.31376070030057,0.11259843864831,-0.259820596584321,0.579137336322162,0.523781949235352,-2.35230871625335,-1.12840015559172,-1.38894638587608,-1.28293094006311,0.595873082371889,0.527580363748488,0.194140960381788,-0.995401742228633,0.763099911216759,0.320541341861105,1.13554864711797,1.0698419989476,-0.496602283435264,1.72440331077236,0.709203927291514,0.428289934877578,0.584311054714313,-0.503648642172985,0.210266918546822,0.216540536249486,-0.340088142016119,1.6451307271887,-1.05746000966075,-0.631308367381135,-0.658648886704041,-0.078609396030351,-0.0356498272307859,1.24093218512201,0.0213667015611631,1.16499349668991,-0.598289910566463,-0.437087032802839,1.52722623918238,1.25918026846973,0.0316458060845186,0.153004156197792,1.73970790474419,-0.374026333133362,-1.52193284612999,-2.06224705742183,-0.961179225960192
O75636_FCN3,-0.347123023960856,0.513137122282474,-0.702344311152605,-0.80729530636076,-0.410954204206851,0.891647396070798,-1.27990119926155,-0.868233348949816,0.762169161846432,-0.2811742484305,0.0252110130343238,-0.136214552570769,1.55876642793288,0.252895342689239,0.17682045457387,0.603238676244496,-0.353739607271856,2.71004259694136,-0.444089653103363,-0.332465017243856,2.13994847452411,0.0805935628102912,-0.124081659551648,1.31152164652852,-0.60088640768588,-0.00514695929349936,-0.573944544768053,0.256358397434877,0.353244448154037,-0.233336742895447,-0.0530572227277383,0.058239081303715,1.52375835411913,-1.02664450226738,0.741705216508496,-0.532006708915364,-0.0741768682334827,-0.546693244834896,1.18405157925092,-0.212023849091388,-0.872067191299997,0.322194100292277,-0.299482604306389,-1.20201094053634,-3.59780250187321,0.451353368251241
P43652_AFM,-0.688554703755728,1.85807514967865,-0.485790145650405,-0.660426729470562,-0.385996140934172,-0.715004036195687,-1.18712433855324,-0.475946784685236,-1.27675280440636,-0.446557092483706,0.0513327504437291,0.592177899252738,1.93591891672369,-0.380231704901434,-0.111249019418532,0.74334564865333,1.41321831447383,0.155278202359235,0.137866183469604,-0.145153488900326,0.572899898720429,0.155838329173048,-0.869869727866698,0.0961084382254957,-0.967837997362035,-0.492543615739177,0.0409525690698336,-0.519739346508207,-0.6811423973539,-0.537317000278473,-0.217618989959923,-0.213703787473798,1.9224038993795,1.15189294085865,1.26207610935418,-0.0672133812421856,0.865887244510947,1.28542495026211,2.87739654071054,-0.0527558900358775,-1.3352883267211,-0.0464077475215179,-0.131722865193799,-1.61744321466012,-2.03045801506529,-0.378244692982046
P02647_APOA1,-0.522871691386254,1.08004456135693,0.257682897916456,-0.0159284149511823,-0.653405318750304,-0.890393600269449,-1.31439137573904,-1.0351855908697,0.238322503890074,1.04865870163149,0.00382071293364817,-0.469989663691968,0.361060613510268,0.493530476791581,0.00907156570097384,-0.121886365488769,1.39691300127402,0.444703114376868,1.02901427018671,0.693229237142569,1.18228837310021,0.90523293642418,-1.19867797280857,0.11636313302367,0.308416914585317,1.00067377259094,1.22717075818354,0.306751053207008,-0.830077941505987,-0.913010932545586,-1.63251635499464,-0.547678379885526,1.03525939678723,-0.72633710180388,0.821578855306488,1.17134304351668,1.25037415620266,0.404413433355337,0.664804467076117,-1.99065216372651,-0.487755856295154,0.735289690933657,-0.0685673410250072,-2.23490254928238,-2.75028007992992,0.218497053945165
Q53RD9_FBLN7,0.686536758536326,0.261355645105249,0.123251106101191,0.666088609070479,-1.18796037666293,-0.195574098268166,-1.57450172528217,0.00516285920365067,-0.247451580302723,0.31765857113317,0.545010094730955,-0.921130870895529,0.886476642492007,0.804839006396658,0.28517483901495,0.795567658310227,1.29013834952169,1.02886562066594,0.875163914023004,0.847630833407325,0.912284772750468,0.428616804556872,-1.791631367689,-0.305108340790021,1.0511257057029,1.00749746175888,0.384469671008932,-0.0300256957206611,0.113233786421703,-1.82189768581895,-1.32159120321474,-0.77568005482431,0.546618223360449,-0.842619664021831,0.561839832781421,0.658482463596168,1.53099947106373,-0.562421507557427,0.415486536317301,-1.54087665884339,-0.0218011433598672,1.32274292670694,-0.102698084259705,-2.06896273971959,-2.64122041167628,-0.399164954831307
Q9UJW2_TINAG,0.165745101723419,1.07777588602393,0.185128796249267,0.436317281879368,-0.65358308681124,-0.121209649112474,-1.06361622724584,0.528443341914464,0.447823260272707,0.401140181273774,0.349709307785263,-1.05686054803679,1.22199246609085,1.38400418505583,0.313760792957543,0.308649328929167,0.867082793554844,1.04707353782522,0.924614707521477,1.12809842956501,0.839699580833131,0.606713651209722,-3.18934514014163,-0.0805826341326137,1.02766789130718,-0.131791030109233,0.885213848547629,0.275359715973847,-0.30149714135898,-1.6898993988744,-1.69833733013231,-0.0928620250334903,0.357067919414639,-0.774426758923705,1.14796162284355,0.335871761178607,0.519177211238103,-0.0706892790747553,-0.725154591757676,-1.30825812491935,-0.82455477216839,0.0969015344698798,-0.18889656783455,-1.77165690043258,-2.04307564704499,0.9073027175066
P15144_ANPEP,-0.717945015608418,1.14918744372896,1.49380670139022,-1.15602121997454,-0.560586613521436,0.853750557197601,-0.995316825146451,-1.1294823944272,-0.681459131440345,-0.842647492012121,-0.0771604157547717,-1.07132285643919,0.863561050648183,0.212338505721614,-0.206092932964007,0.138218975151584,2.4659009129248,-0.0802500324582631,1.26261720155351,-0.604710743551019,0.326049490560044,1.36090224900179,-0.918004110226258,0.987533968624743,-1.7287936755344,1.33033147611537,0.531147546483377,-0.0176767522189603,-0.0616406895360763,0.460675217738314,-0.192953768127538,-1.19227853596927,2.02131518959324,-0.140462825896554,0.402391308102676,0.800821317953482,0.389711115954873,0.143741007536907,-1.29764367727508,-2.08221535533198,-0.275827183089261,-0.654498606982036,-0.753122566663068,-0.43878043466425,-0.650757012939993,1.33364963177117
P48740_MASP1,-2.87295971254199,0.0967612699663955,0.77913888616217,0.236911854449867,-1.28459755678083,-0.704995389813979,-0.634928652172765,-0.257474990518627,-0.497863627318371,-0.189324865955838,-0.404300447424191,0.252353194449281,0.494984779873761,0.267183397144541,0.282451883099884,-0.482729471458776,1.34966369414541,0.368229260611174,0.600935825328237,0.623600868410662,1.6482384135238,0.819006048949582,-1.48151357830983,-0.0671227528448697,1.42577323060996,0.880004586535664,0.77816598373262,0.600743601147362,-1.18402907911672,-0.825014405546586,-1.02834969111169,-0.235893919039883,1.17366570597419,-0.778201170028506,0.902204705367936,0.181206004762196,0.608159275254741,-0.469404117822184,1.10847297921901,-0.732209707602313,0.96029077717186,1.46439298623854,0.124051890711906,-0.580727863370237,-2.87295971254199,-0.441990391520599
P08493_MGP,0.193132512189967,0.0558971128259942,0.212194903418097,1.02420866365798,-0.734362480552641,-0.068193900335322,-0.745609602423211,-0.496976443051078,-3.31210387648783,0.684129967894593,0.194467649725029,-0.825515409018361,-0.48488968664275,0.628333868623942,0.393221571143341,0.583187056426566,0.343412086010527,1.14960628904686,0.651234854287836,0.763613404308338,0.731994027141454,0.765920230657133,-1.53363101499114,0.264760582309446,1.50887765983443,0.4554102209156,0.389382792450185,0.00512438265531936,0.229988588806973,-1.55546715329672,-1.61530199697206,0.268471379219801,0.59597280364641,-1.26398153521346,1.00007137478655,1.07556212862078,1.45940418343093,-0.516586390590359,0.690152441950597,-0.983621517225239,0.47175203314997,0.735223072355045,0.514837830090919,-1.81345532249143,-1.75382908284598,-0.336020259443025
P05160_F13B,-0.784454433837669,0.609967495209437,0.299445000670192,-0.338515913670939,-0.282908212754164,-0.364333474309972,-1.5680589472164,0.0193723206044543,0.0977503214396651,-0.151791864102108,0.407257469088246,-0.279986115638349,1.09730832871889,0.977908626020505,-0.192099414775941,0.621276770912593,0.751612113038997,0.432672587194304,-0.397604342008625,-1.11399242358452,1.66077250244757,0.50726045230762,-0.182285161098954,1.14802397946341,-2.71863596097105,-0.0565406367464125,0.437394813759848,0.493608520087712,-0.00557276830777128,-0.0615398437648029,-0.393803034720259,0.668920314563408,1.67513861369484,0.0419283701935556,0.850837709750736,0.967716945291307,-0.230827855761954,0.621842999034993,1.68311516471565,-0.140007993565833,0.261141746421095,-2.71863596097105,-0.325485037377172,-2.00220087756321,-1.99688915180902,-0.0261037400728513
O76061_STC2,0.343701107154103,0.539561564303853,0.354495836346937,0.301715657013743,-0.323370529566427,-0.305477434577543,-0.610552679340774,-0.39540169501452,-1.05305543163567,0.996029801015851,0.811661455206759,-0.768945113147378,-0.794603017247088,0.723200756759941,0.652889620034465,0.787684308361624,1.61326354708749,0.981325872442969,0.814421096260637,0.897095614843025,1.28684896993496,0.679934445150359,-1.42919886819028,0.695649034889718,0.383882713821643,0.421691269785571,1.45040797082416,0.466279109590967,0.104268929217229,-1.54392211688515,-2.23481023899388,-0.84669021443475,0.383044144193818,-1.5024768591626,0.96778857772889,0.332431710941524,0.155658467886054,-0.175510220676183,0.336844921745802,-0.95166849679931,-0.595062623175556,0.862959891150363,-0.659033051368837,-1.68926178514806,-2.92284847821447,0.457152459886025
Q9Y6R7_FCGBP,-0.35591774861009,0.656877611280111,0.431897439472979,0.235643663729791,-0.612070976966399,-0.480309720527793,-1.52647289181919,-0.792022160919976,-0.464278985228154,0.0171927654692023,-0.523639481294644,-1.17648829312664,1.2997071365657,-0.450881546572067,-0.396558898733373,0.255647716972813,2.4130193877162,-0.371163649449151,0.104009594402014,0.0535404636756826,0.814100196864258,2.16024566071511,-0.963403409911516,0.753496790295712,-0.486796570587502,1.51458458822869,1.07175940986838,0.499502849304798,0.952340638863433,0.327301533294357,-1.15298856621361,-1.09469522766709,0.0210432197486279,-0.762310560316585,0.437425233784199,0.125632835785743,1.3127977976775,-0.235830250760441,0.525974556609012,-0.543561904321306,-0.719577837127171,0.218475535178532,-0.851043907442473,-2.328171566253,-1.76306391917891,1.84903144752423
P80108_GPLD1,-0.29720578521423,0.281171968754391,0.73104406985192,0.537668519260363,-1.13119254912321,-0.634263510035848,-1.52295294640006,-0.784944686605681,-0.449730934522156,0.503655095304251,0.0757218937051444,-1.31664934457619,0.727405236979691,-0.490374306196708,-0.331420923335942,0.219391848353019,1.36758254826173,-0.00664567661733096,0.865683728996412,0.752475483583658,1.45722585676768,1.03196696574488,-0.498513269126161,0.192818497031204,-0.708807727681135,0.391987062743116,1.19482757056237,0.964201993425158,0.967861109288017,-0.26877241767417,-2.46795848951254,0.19336135594423,1.07353962228254,-1.21315028611602,0.349653904647015,0.933870746582037,1.13281279305194,0.160539030513178,1.11787940351436,-1.28059857491298,-0.437866223445329,-1.00453810960338,0.244627980640402,-1.79701545574312,-2.25840131642405,1.43202824707756
Q6EMK4_VASN,0.423755634238519,1.38319356360468,0.460009799020498,0.127450149872588,-0.723154492528206,-0.312754609370176,-1.45805532819071,-1.09451692148307,0.668209208930621,-0.435890095953742,-0.447350049817908,-1.27365910272039,1.24198730417584,0.201750973421079,0.729528197260371,0.575147869259115,1.75042662593288,0.306958132056662,1.22691482990408,-0.0690630224948393,1.51129839905926,0.227202785304515,-0.425092582158094,-0.351723941052451,-3.5186034782533,0.978318438377526,0.424134466889096,0.276512799921067,-0.918992150087224,-0.00012886893753013,-1.78138519110149,-0.333407921492648,0.563299750673994,-0.674148358505679,0.31404865712036,0.97760054585141,-0.171303912886975,1.28336133194682,1.10853441150404,0.083866155072209,0.276583681086397,0.226146219137514,-1.04753494235424,-1.38528645896246,-0.956452694823764,0.0322641935537512
P43251_BTD,-0.787119771934372,0.491875625544936,0.412719725439463,-0.491089736892791,-0.340137297485733,-0.184586894945586,-1.18723787784932,-1.20566990904957,-1.00657012610847,0.274117303998765,-0.261753616526413,-0.620612927363392,1.24581307716044,-0.869593439237199,-0.571677745682261,0.121174480096193,2.2650941826225,0.333843141054745,0.537512490825924,0.908994736789564,-0.129456119366899,1.916137564062,-1.1851380478824,0.332216802178338,-0.285633301907432,1.80950024885514,0.53410376500153,0.564398033367504,0.68487483783025,-0.10759156950638,-1.33512521446711,-0.611757932611023,0.469722690017525,-1.01086039554263,0.572243264289361,0.998171325468409,1.84684567153556,-0.52259515782967,0.869446143516776,-1.61146674358097,-1.2413507676337,0.987450658625055,-0.446934514249328,-1.62132502056694,-1.54932471815273,1.00835307809234
P02768_ALB,-0.974045358873539,2.09144450550537,-0.110086477540796,-0.507145097892567,-0.179568661480958,-1.14047007432786,-1.50029539911744,-0.473291166061675,-0.635292617233919,-0.794022793876462,0.201027683294215,0.0887818078587239,1.67292518679496,0.248877870724515,0.381461090929482,0.523457125496056,1.67489042945882,-0.0773904882214873,0.155825651922564,-0.614274141131087,1.53417937401068,0.448732164837108,-0.810194694090984,0.177782069774464,-1.03772488801132,-0.63457977503463,0.101683987215754,0.341450108244341,-0.695527883429503,-0.153518038780578,-0.463422319409813,-0.2162309911455,1.64795268138258,1.22707318575088,1.00123022748534,-0.45434114509603,-0.0714501407852798,1.62123652741587,2.45495880478026,-0.506260139718977,-0.586370360280411,-0.012185007404879,-0.528950737195293,-1.9921317134564,-1.72477636517697,-0.701424008107613
P08697_SERPINF2,-0.934188190872213,0.233225562466415,0.107720656454716,-0.535864030940214,-0.497493330015532,-0.887373050369444,-0.949486215180683,-0.975604178314105,-0.593218581886745,0.372365116795772,-0.669338000963211,-0.307466037852458,2.85101320544323,-0.0450462386236257,-0.709510527915529,-0.166767508752546,2.09369865658063,0.164783270682522,-0.108283760893078,0.0171255645867553,0.45721702005851,1.85797907027567,-1.12620138307111,0.137040901173669,-0.0415755940068042,2.25407850967324,0.757136015116699,-0.0744747276330542,0.129719378073661,0.0947824262618872,-0.783755588593013,-0.532012969506598,0.513588605928839,-0.374042307505594,0.613371807903078,0.492407520735143,1.16224840432274,-0.145679614572384,0.746409646130783,-1.24656413363672,-0.489559635150195,-0.00967057825377116,-0.110829953283478,-1.73814871617309,-2.36645673755005,1.36270025285131
Q13103_SPP2,-0.429978724946975,0.116240032592857,0.0852938084592044,-0.0175093482924267,0.112907902261815,-0.164992563275545,-1.02579916110738,-0.893986887815446,-0.239423758172926,0.636707730068012,-0.216894457902437,-0.595340179830695,5.1677283709819,0.641925643889311,-0.665782788919097,-0.361191437084849,0.6886790421254,1.0222055669945,0.00497788698749003,0.438618499300153,0.945433751390153,0.410722673807416,-1.1816681736639,0.495116737885143,0.170043822440673,0.208496557578687,0.637743662463433,0.106703667207251,0.116019023120416,-0.853214326195076,-1.25886406360625,0.00148330529940472,-0.585232506170884,-0.474887492091044,-0.119345304080639,0.498899082453616,0.39190995029227,0.016151129731989,0.248247387710378,-0.310763637335474,0.438915567477075,-0.446098778797103,-0.0551068290057885,-1.74742143516756,-1.52986948391358,-0.427799465143477
Q96HF1_SFRP2,0.435540046468419,-1.50556173236232,-1.50556173236232,-0.427169078829679,0.0449925538419597,0.184140524896447,-1.50556173236232,0.149444319729495,-0.913536418246852,0.653717280268919,0.0377648368670713,-2.06616050927858,-0.659924796852179,0.597210246611349,0.796544826387004,0.496267436878964,1.75019189993019,0.630829403329857,-1.50556173236232,1.07335447599842,1.43320605877505,0.530456389031377,-1.3699450416795,0.684364450353415,1.97169313809815,0.891864824069702,-0.45448483759608,-1.10753211875954,0.0232906400859959,-1.21274599841142,-0.837929304702354,-0.72238065129332,0.622672070060868,-2.14433015285155,1.02072804248439,0.691114119937516,-0.118750351554963,0.253831090439274,0.231468907998894,-0.0150451404240348,0.879206611086361,-0.0618287828636999,0.717554895249368,-0.246357521998404,0.0982299708280462,1.48068857508497
P49746_THBS3,0.653595960629014,0.880672159251127,-0.608071574683094,0.565025334305622,-0.467875262926821,0.0629094309599659,-1.86635284044977,-0.315814210329306,0.275565125781227,0.342375983096273,-0.00538990116204376,-3.34425596964319,1.26239007146376,1.08424870644975,-0.154920776109213,0.592576672406301,0.657346933024045,0.596769399302298,0.775066632049524,0.750394647642426,1.25194227480128,0.927070165750496,-1.00166745322268,-0.226474610199927,1.17547890025862,0.660775346118205,1.03533325300608,-0.372931552917127,0.0483545499119366,-1.47617684784408,-1.5823850008193,-0.882041545500405,-0.102447869771805,-1.3615326516654,0.517528448684922,1.05906962372071,1.21541288162462,0.513817504370539,0.82033386226803,-0.191431656054016,-0.175211632227889,0.227014836191507,-0.899036236762678,-1.28136061373588,-1.61778369240363,-0.0179068046400118
A0A087WSY6_IGKV3D-15,-0.308840605736913,0.994730121555126,0.0844942767208402,0.867443481137311,-0.717461425544482,-1.3825037208748,-1.39442348152656,-0.845355478337031,-1.02090919286592,0.00997374225862499,-0.570976799920376,0.0897900564501878,0.347577680431319,1.38129239654236,0.000667408178773361,1.11951287441042,0.29989001232837,-0.641256838706921,2.23612033321671,1.1188952089967,0.258192761284176,0.890616237821142,-1.042589890792,0.249571965114748,0.280625817527254,0.920114180070753,-0.411742474840048,-0.595057931381162,-0.461415256123432,-0.363047517545721,-0.295174474902603,-1.2980693922818,0.879673755457174,0.385126518250404,1.15843397805648,-0.605179677989884,0.700519117400834,0.995190415855448,1.43337982939737,-0.155026447469376,0.297224952078056,1.12984579609326,-1.99962514347393,-2.19646286759027,-2.14530385943192,0.321519560701286
Q9BZE4_GTPBP4,-1.10581046696432,1.06999956724785,-0.528290235042491,-0.292238972245615,0.532176473231276,-0.601458637085146,-1.0665746957734,-1.1860954669867,-0.464794891233848,-0.114306653196621,0.0401754163456148,-0.43510149332355,-0.123523643129227,0.136016099141881,-0.0677232792542553,0.578865414749274,1.56786002813341,-1.04237296842515,-0.306711010555684,0.720469711738645,0.823198391498704,0.825017864288557,-0.935627334632721,0.677363963692226,-0.270543920574382,2.47447041875347,0.146293555772541,0.454841850127041,-0.0981867884066062,-0.791356768049593,1.1088131709696,-0.359988378269552,1.50861337620735,0.802752556286288,1.25735209958652,0.490016635576828,1.20125781118019,0.646454077602651,0.537345412450019,-1.06984047114649,-0.487577415324645,0.967849102066025,-1.08690340558736,-2.14077360571687,-2.18954868453779,-1.80185381118394
Q6WN34_CHRDL2,0.27129594367706,0.757586133559874,0.0503139708504615,0.871044555179717,-0.488430081557432,-0.723776440711784,-1.06445564133828,0.368492604829736,-0.355135724576582,-0.787548189887515,0.237604607004218,-0.273929378767774,-0.00302918737826986,0.260435268818901,-0.195804446243994,1.47736670563643,1.0376039028311,0.988277555776848,0.10816663818937,0.802733304721492,0.843409795020048,1.28035448234925,-1.34452880897353,0.513925542275974,-2.34998224793626,0.885603377390897,1.00777894781011,0.260804695936668,-0.708643679987254,-1.35641399508556,-1.46367982555162,-2.22886237877775,0.717816903425314,-0.624774479349848,1.21893001160435,0.119910860333129,0.415950821983348,1.22981686151922,0.3963871978933,-0.0248982287360749,-0.273555411459179,1.56418460628927,0.538036242719691,-1.32577670667542,-2.34998224793626,-0.280624436695393
Q6FHJ7_SFRP4,-0.162628779594645,0.458970124062395,0.662736328846553,0.624357279395824,-1.27257069283436,-0.671750019631975,-1.82600752792551,-0.448709502539564,-0.241409960608055,-0.239496989783127,-0.427703621764803,-1.02978001593546,1.41243048088128,0.193331907863871,0.487436777896975,0.156789965738805,0.809578541043351,0.330294717967456,0.438794549089654,0.900912808724152,2.25485508394959,1.07512778439621,-1.56914037551136,0.738547255953367,0.767129502890433,-0.0486226807743972,1.13309866741838,0.132089266383826,-0.464536167747774,-1.48355155341984,-0.940562108895345,-0.970030156015487,0.758300966375425,-1.36134666628385,0.862948089573334,0.911552903014466,1.22256460225466,0.551144641600344,0.494401028060174,-1.76507450020801,-0.649362958541913,1.25435870487477,0.0965149933173484,-1.00661459191376,-2.30615174393607,0.156783642292681
P01599_IGKV1-17,-2.18180932824368,0.887126295630806,0.633712034885025,0.461589627038328,0.0126754778526782,-2.18180932824368,-0.327469425638096,0.0699415064605635,-0.769311158280567,0.166870296696404,-0.430315717762725,0.29944145461736,0.864913154657122,0.859266938018348,0.391430576493685,0.458571079208311,0.673704324122403,-0.520259305611626,1.40520264833024,0.541902710573874,0.724675353944945,0.935940117250301,-0.474603764606168,0.505112086946632,-0.0183411405627296,-2.18180932824368,1.87506593036767,-0.0480730615031509,0.110428799811626,-0.831709646581134,0.216794615542936,0.0612295573444352,0.848969666670117,0.470943206846625,0.543491858635709,-1.08957321714553,-2.18180932824368,0.813747451339038,0.861228310220116,-0.606428934064213,0.265818808862954,1.45404274447419,-0.520058444592086,-1.05208189058456,-2.18180932824368,0.183435715308534
P02787_TF,-1.84329164784479,1.80159621214644,-0.470800358550997,-0.83918933921019,-0.194340523372976,-1.0239775545906,-0.991021323248468,0.105410787121571,-0.0845553348048176,-1.38146987339392,0.0466818579068972,0.681706132839941,1.80087160416762,0.0708868733094165,0.400297478823236,0.799828715290056,1.29263539304338,-0.292285714655899,-0.41719343080292,-0.607035198201641,1.97857136507925,0.315198165274735,-0.349897473564557,0.466832461155326,-1.40252337036832,-0.478939508728037,-1.05080974275461,0.519859666395011,-0.516511825268837,0.149024133439604,0.0203797580962468,0.105687510714204,1.51570575076889,1.28733049631154,0.60024158750237,-1.07070145954914,0.0843721561526913,1.39806851211021,2.42841740630359,-0.0641629279916805,-0.848531791905607,0.0450340038284568,-0.498075261628341,-1.01117549362747,-1.3028069452282,-1.17534192848869
Q16853_AOC3,0.322544942503388,0.632395705116307,0.427609529697882,-0.207421328319908,-0.646982056506625,-2.19514081664411,-0.279335921061929,-1.31506665150038,0.0967485498817036,0.257051938777758,-0.248934664230923,-1.3814076689161,0.91734588184857,0.490796478291183,-0.674767820089182,0.388521823166504,1.57779704083364,0.787291051774016,0.527091918310038,0.710519408149777,0.506587843880913,2.34878892158824,-0.605559039737691,0.255066038607224,0.541502809467403,1.40669106474934,1.03706836140579,-0.0479386191744349,-0.208372599779463,0.315407345998686,-0.942054155693487,-2.19514081664411,0.828366365348133,-2.19514081664411,0.390731447037259,1.15271588298293,0.540995895383473,0.182686946157929,-0.479799686376625,-0.74170317421682,-0.329141938057072,0.265202297312242,-0.0931811557114875,-0.702163929507512,-2.19514081664411,0.776868187185772
Q96PD5_PGLYRP2,-0.914302946731949,0.388036273917078,0.640313668500989,0.0226172007806324,-0.434324124385414,-1.01623167716624,-1.85792383376159,-1.29562281028373,-0.599732587135969,0.727463257079143,0.67867369075945,-1.25749059501106,0.75109103214002,0.387601100052324,-0.276665865291209,-0.137537819445253,1.45944875431557,0.769269380932175,-0.119331293607405,0.842548671732138,0.932915383468114,1.44522505024637,-1.12465756593405,0.283608531394089,-0.836884472208575,1.09565461184403,1.79305635426356,0.39598709076175,0.226045451895779,-1.21669519096318,-2.06764469991686,0.37382426455605,0.985167043445505,-0.401126378118878,0.391110789317253,1.08653229481166,1.28730659335773,0.317035033458602,1.27547255109249,-0.76562707259973,-0.223829391721166,-0.0818201801134608,0.352693733496845,-2.30028287796791,-1.56970618341308,-0.411260241842621
Q96JK4_HHIPL1,1.02784643726155,0.00998223669420014,-1.18120676470093,0.573553117332436,-0.68596420100885,-0.735373292674607,-0.549829322038242,-0.675197754087399,-1.18521731257114,-0.284622160850363,0.0331518703075092,-1.05340398544249,-0.623231901398915,0.576861103938098,0.161076370783434,0.881032787598829,1.09095043706608,0.407121312835578,0.50056005875591,0.000989560694404636,0.855987102961496,0.583452581937809,-0.994087164934768,-0.166912198681367,2.06067480083546,1.25567848676123,1.8134851319753,0.692568436669234,0.379664405585159,-2.02407145297123,-1.77648832925899,0.13883950829331,-0.0525057176330581,-2.18527165618056,0.725313213101852,0.672764704279307,1.37974605930779,0.0796680785767495,-0.499458111410811,-0.758496892529694,0.108384536893563,1.63115041880673,0.750862032131574,-1.43096194336128,-1.34845003527887,-0.180614594371022
Q7Z4V5_HDGFL2,-1.35207065623157,-0.67589088321439,1.25459366995868,0.0862423068998803,-1.25468994542122,1.24606064355721,-0.00191941627684467,-0.718202570127129,-1.35207065623157,-1.80301067101249,-0.519678261986939,-0.836298097788826,-0.123742408359739,-0.15953413422256,0.610010664485898,0.375148301377098,1.55359242440422,0.34855959955516,0.796183615120097,0.26938495072242,0.857158593396784,0.586471052658138,-0.571206194134515,0.00772392398922736,1.00149535658961,2.22613123624905,1.18850707209743,-1.49824093317776,-1.35207065623157,0.294223197701123,0.477609622996048,0.227475414609009,-0.141533883842325,0.435135775485016,-1.35207065623157,0.492571697046181,1.50432890986765,-1.35207065623157,-1.35207065623157,0.118861464818631,0.321401130650778,1.45548389375463,-0.453305525645231,1.24092469963372,-0.921460462757262,-1.18414189226705
Q15166_PON3,-0.781588788602658,0.75947228598721,0.540831157816643,-0.661000148002086,-1.02356499066293,-0.229779621704794,-1.11396826422853,-0.909589856827105,-0.521344665873831,0.806276607314002,-0.125203995122826,-0.877074631247578,0.415902113860734,-0.352813731815199,-0.393109882283922,-0.285775143943896,1.96522375421811,0.187331556624423,1.0252213859011,0.806591634328292,0.49858177048049,2.39941064513157,-0.849547007005117,0.133225602179368,-0.170306890994595,1.06780091278173,0.555027992178967,-0.0621528527650266,-0.0969471913065615,0.211381842069995,-1.72094762599712,-0.269284290489637,-0.621543458237011,-1.37258247332952,1.06385831443515,1.31535445034939,1.90599113118807,-0.137499592129816,-0.31743546036808,-1.93267057560508,-0.344782940000674,0.989852058012811,-0.72821995782985,-1.71366943880435,-0.764245392486531,1.72931365280625
P05062_ALDOB,0.197797642124223,0.57949573944795,-0.470011074602505,0.181551998351358,-0.310183190297464,-0.0215004370690343,-0.255026772677773,-1.3471548672647,-1.70287989950038,0.686564142576658,-0.974390631068231,-0.779343657891603,1.67934496494105,0.200269605939258,-1.23620897613068,0.688890823828891,1.6880966424628,1.06471185366438,0.814786709365941,-0.657569242860218,0.742568425469693,0.674385714859269,-1.69491120924885,0.149114680680175,0.263221948831101,2.00541678512067,0.745550869292748,0.665358168155185,-0.852970338899491,-0.802238371300426,-0.657597100043115,0.195863677158491,1.92241629791044,-2.1464069345655,0.344554364520969,0.461310850940127,0.7741074057865,-1.20060253602839,-0.515956513769776,-1.43401226777655,-0.110901962874131,0.268000648310254,0.704203289800642,-0.939767176464972,-0.829769163114688,1.24181907390971
O95477_ABCA1,-0.0255571084774128,0.988854413560889,-0.38752552308972,0.635663809659129,-0.884507747443158,-1.55188846391335,-2.11386436163818,-0.102105375192662,-2.11386436163818,0.986190701189834,-0.894863380002536,0.191366080837521,1.18096132564024,1.18259195582738,0.429462669832195,1.02000481086192,-0.154632408771808,-0.385697504536747,1.09199762705906,0.524300816537231,0.321117040739771,1.56081947841787,-1.41701185852896,-0.000430494540169716,0.597392589110995,0.160943451481513,-0.639110777738146,-0.188369528564081,0.165189228982414,0.0415863975271795,0.134624380364415,0.558186454086825,0.0930857581628212,0.286725736906609,0.800635827776244,-2.11386436163818,0.178167113523815,-0.227228340589839,1.02961576376463,0.0748550176919046,0.744627734446755,1.16319089301598,0.875276098709721,-2.11386436163818,-2.11386436163818,0.41081714386463
Q9H061_TMEM126A,-1.17423708275648,1.80319986337484,-0.586427080958158,-0.954213416634421,0.236194170878653,-0.86801716207536,-0.904911877372154,-0.704014770813647,-0.402356963991408,-0.961941857373042,0.113045106869313,0.532067537773548,1.05550509444391,-0.127996931582938,1.19143052161757,0.592810608481915,1.5354083794862,0.160419332922004,0.413611964830037,-1.20374685006307,0.84179897262001,1.06771615039594,0.264715988758564,0.293855594557457,-2.36961833912555,-1.23844387816066,-0.848470651459726,-0.962366681858577,-1.34014121219362,0.58436094113343,-0.192896909448798,-0.395743806274967,1.45340658307363,1.01243314357361,1.22498534144891,-0.783009066582575,0.135391798384843,1.3137990824338,2.25304270601,0.333983961400054,0.19090047883359,0.707773245883476,-0.724874586448841,-0.788685841010397,-1.13542886954195,-0.644312733458973
Q99972_MYOC,0.49270262663129,0.0871633159268383,0.081607567053173,0.764167576517818,-2.02246565218322,-0.38936348666639,-0.631754360017007,1.06089184189241,-1.82081666134831,-0.459342758040612,-0.0740756195472714,-0.548466900962279,0.664642793710865,0.745225147465589,-0.0904290911957123,0.616313066066487,0.391913094202334,1.15332467732065,1.72055418431694,0.525099988575551,0.786548394204869,0.52217868796393,-0.866316932690782,0.844637142536729,1.49706488746901,0.46060031504762,0.949897647931786,-1.18529421389577,-0.112645624573509,-0.23516083996706,-0.309999191968386,-2.47269702863853,0.334577751031934,-2.93913310926678,0.519612684096009,0.919174059258286,0.853164566881163,0.54128758659782,-0.0319549645144643,-1.17009847244638,0.330358253248536,0.620664516188727,-0.0448552057310775,-1.20571270535519,0.0501039895518885,-0.922893542679513
P27487_DPP4,-1.59331173156018,1.34512925907832,0.850684699005447,-1.59331173156018,0.178904598403523,0.875679304506869,-1.72604523823209,-0.486792164870557,-0.510545873526789,0.657624640158126,-1.03339123436824,-0.920455022404848,1.39871115036968,0.889843303225062,1.50769944434844,0.917262448404745,1.92675052080257,0.945421480491022,0.00364908046883813,-0.301451189106851,0.553976869368543,-0.626366251493141,-0.780747741763444,0.478197214561952,0.530556005002493,-1.59331173156018,1.36296937475587,0.385652582134979,0.904203014047866,-1.12960235381629,0.244134310323416,-0.21136689153458,1.22102767301962,0.584522695155861,-0.662011433084846,-1.59331173156018,-0.301820476872386,0.221771441154649,1.14530861067267,-0.810779138503198,0.525938344260858,-1.27349833046778,-0.357633145138017,-0.333179124412158,-1.59331173156018,-0.223373796325291
P02753_RBP4,-1.08413954598701,0.918510008382191,-0.779608207416386,0.390096014023603,-0.954662882714172,-1.06091646706674,-1.40179085161723,-1.80858181163788,-0.343120089821362,-0.804178380570243,0.258193452296966,0.0475963471856415,1.2800730085837,0.382770784826595,-1.20568346370481,0.650618453700736,2.44662041315214,0.0599562345847733,0.466379168979039,-0.742181847618767,1.21164371022806,0.800439529383154,-0.392749097374696,-0.241673991054451,-1.36198165864197,0.864571326616666,-0.272972238476743,0.405292756819646,-0.445592771243425,0.447513953229077,-1.19968188389163,0.39638165434896,1.66760910208767,0.0509492874354932,1.13759070962625,0.681794094965278,0.147072031238086,0.747144856027471,2.27063605043339,-0.0939477712277114,0.219851132513435,-0.456813088778027,0.266757148697318,-1.56390119988315,-1.85891425245759,-0.14296972818135
P08319_ADH4,0.677329599112684,-0.598002128423359,-1.05456642112252,0.35917674410404,0.842683942574315,-1.36841272741282,-0.856762312888193,-0.758647279061749,-1.45852623507025,0.346973832620555,-0.8645453330627,-1.19596337044977,2.08924029134725,0.468496904308175,-1.38537032317328,1.48186862318521,1.61844250602098,0.661558819083163,0.514776436462774,0.0479664012400581,1.18224262653101,-0.714429164459981,-0.934347341066911,1.11743323780692,-0.0992196566398787,-0.59477403695122,0.151499076139334,-0.304380501899021,-0.215074644546719,-0.919167613819133,-0.100534705164933,1.57761451368341,1.14422039150731,-1.59850558441756,1.0465505251911,-0.638242359589464,0.909243975151896,-1.63254650768095,0.395641363716278,-0.699105747900198,0.401023271715113,0.31680919496822,0.855818766415473,-0.0645853145553588,-1.52257542046892,1.37167368693964
P24298_GPT,0.151651413532271,0.115885313596195,-0.562832302953822,-1.12663917875138,-0.0357306194299594,-0.111223745318885,-0.883716423162549,-1.76555227630298,-1.16018119381757,0.689580298919029,-0.899624725497907,-0.937187825009745,1.48305418396796,-0.672823837025747,0.102517607013697,0.995482655492961,1.42235758434855,1.49496113873187,1.01098546125372,-0.629595708860903,0.821493045569975,1.22556754479315,-1.78652879568493,-0.781335870601887,-0.716332646365408,0.480020609724372,-0.368809360176895,0.422583753112631,0.019592511904617,-0.170832997558495,-0.026504792764335,0.86267703442757,1.89266062664563,-1.79057277849754,0.614566361006611,0.410056137057208,1.08127412717439,-0.0528386870073909,1.10931358590898,-0.997848993095791,-0.117564820026376,0.802065758046404,0.466892041816964,-1.24478030711132,-2.04722205543004,1.2110411464071
P29323_EPHB2,-1.59899647064755,0.318547486723511,-1.59899647064755,-1.59899647064755,-1.59899647064755,0.566375662393269,0.222755225732716,0.283909194284518,0.743403296911647,-1.59899647064755,0.691230904784153,0.222042751851479,1.07338400495211,0.770122645876469,1.03940901625018,-1.59899647064755,-1.59899647064755,1.04042446097688,0.872370131635265,0.803527893488639,0.685470490527275,0.734833146449924,0.119251855275976,0.437739540048298,0.927654865236922,0.699852998500172,0.919649531777731,-1.59899647064755,0.283897064008398,0.134529595209317,-0.0896025986880866,0.596465789250059,-1.59899647064755,-0.00156350741919279,-1.59899647064755,0.685729581194106,-1.59899647064755,0.568487843165325,0.665667711465505,0.26300948838521,0.820540931743655,0.872189818353282,0.765383731648682,-1.59899647064755,0.0386761428965943,0.412590952880635
P00325_ADH1B,0.146797971994808,0.225388151881358,-1.78785018576571,-0.233576607655225,0.386976005298895,-0.779670218233553,-1.2925616201983,-0.610691427063278,-0.696836404618233,-0.879422618408963,-0.259856229170755,-0.825294611475862,3.08123378850352,0.244926137093849,-0.46801082315702,1.44630180517407,1.3425748429497,1.1482172682007,0.778426794321245,-0.82009011902606,1.22584807940439,-0.231485509762035,-1.69571447975033,1.1467236023742,-0.272929276883626,-0.464462317318485,0.479806880753515,-0.92741116323911,-0.267660701047664,-1.04274980211735,0.222386155169561,0.883477855988285,1.45262685085107,-0.929755309119628,0.465728848967323,-0.238361898362863,0.64298175096747,-0.698613949266785,0.962967235870142,-0.343485318464035,0.706643826080352,0.038050523398426,0.0918180523640233,-1.07076310167072,-1.65734029826455,1.37469156243325
Q8IUL8_CILP2,-1.70724154979932,1.09266192517251,0.264228707264322,0.157152827053581,0.481001488038767,-0.354324896662317,-0.386566850207853,-0.887103688947839,-1.70724154979932,-1.70724154979932,0.869156773047807,-0.712582992184187,0.672599461259142,1.13182728467417,0.814653353152164,0.349340344150743,1.42912451645622,0.044633552843932,1.3581969989727,0.549545581753331,0.888238950807338,1.33436711276552,-0.760061350163025,1.07086443675217,0.549803322998958,0.902952483609847,0.933330915643741,-1.70724154979932,-1.01752427690083,-0.631218142309858,-0.950944724460273,-0.73632782888672,-1.70724154979932,-0.340889930867762,0.898763878786837,0.34917911304428,0.483504897231865,0.755378103658795,-0.242450337736591,-1.70724154979932,0.616764618510844,1.16825469849098,-0.222456071394939,-1.70724154979932,-0.752699706321739,0.780316299498641
P02741_CRP,-1.49721861383853,0.960479764474489,0.0243027642380211,-0.732079313211572,1.44616476301537,-0.153714125169928,-0.713320482407197,-0.759940373915897,-0.278394588135854,0.25559272415043,-0.118091406984742,-0.506108393608971,-1.49721861383853,-1.49721861383853,-1.49721861383853,-1.10800377017663,-1.49721861383853,0.356858899307347,-1.49721861383853,-0.161719605406914,-0.404438522422517,0.394734330558,-1.1476345375727,1.15865507943414,-0.212563782594831,1.31816629321275,0.512429076165575,1.94444912736487,0.555252475265135,1.19159856192924,0.816777265093031,0.838178042291042,2.19297826107083,1.48382693117291,0.560823931163019,-1.49721861383853,0.700986575214842,-0.494923456485006,1.11620417104722,0.27587459399461,-0.705734140304793,0.459876621942674,-0.35034810782851,-0.225012556980192,-0.590662901335027,0.579010109305415
P0DJI9_SAA2,-0.0581902582514953,0.85365475595647,0.436875374671173,-0.311161408317138,0.264766231581572,-1.42207822721453,-0.677340894839661,-0.956796017274433,0.944107932079733,0.571582475641846,1.00082367932719,0.165483143173922,-1.10695291691815,-0.728188111669568,-1.08441427068231,-1.04262995390893,-0.875282736106826,0.0351005423453045,-0.275814958851685,-0.381842528136889,-0.144930915802425,0.795410340297717,-1.04006330334906,0.634321930843053,-0.35246918276717,1.35533567562245,0.706483085972003,3.22074927756543,-0.711614105508999,0.962818170177485,-0.892887155367684,0.316942868270905,3.11323752743498,0.46706992355353,0.547230695875185,-0.549845534435881,0.479144157895635,-0.107864583576029,0.456455418790926,-0.336781240784662,-1.041543125844,-0.312878014609739,0.000291728065551053,-1.07214510430543,-1.5733675445782,-0.270802842041173
Q9NRV9_HEBP1,0.616836070853286,1.44621860963002,1.41187336556538,-0.0244478878550659,-0.0828067554419802,1.05086420476747,0.0227540692940116,0.0623217364287661,0.186239466256365,-0.712790753096757,-0.1003902734692,-0.583806792741156,0.0349139811514087,0.412325666150541,2.05271394592222,0.0309532612844042,1.9276982134445,-0.411799677182051,1.04726015132876,-0.456280688791577,0.785726739295572,0.276454858533075,-1.38246327459511,0.476211236034338,-1.73695247518097,0.597491968535702,0.301788656586696,0.556559913598064,-0.750238051513723,0.614934799972737,-0.757182089411443,0.53358086712093,1.79077932165505,0.0433419326692905,-0.0347861328213268,-1.73695247518097,-0.515229089714518,-0.580462052578753,-1.73695247518097,-1.73695247518097,0.0243862805511999,-0.919812119410937,-1.73695247518097,-0.790490884993822,-0.997980847393605,1.48150043028605
A2A3L6_TTC24,-0.0572558134043758,0.506141491189456,0.579097521576996,0.121994349556771,0.105910559150668,-0.340550167920988,-2.15416659787376,0.0754468700738871,-2.15416659787376,0.610489529592566,-0.747379414643296,-0.565403450777284,1.15435365129336,-0.075102709577323,-0.614908157288774,1.18171922739937,0.712871918181046,-0.00473099664019822,0.0635521341852894,-0.039303970259117,0.932389919674129,0.73592565959004,-1.40424002932736,0.408798879102715,0.645297395335391,1.0073953982124,1.14475029129537,1.26659702361594,0.698298418943833,-0.507512553847209,0.401950880333815,-0.150829373813174,1.31698531892461,0.12232509989001,0.723536678084741,0.607042195229944,1.02988776390779,0.603971531197115,0.809628055000479,-0.561162832768732,-2.15416659787376,-2.15416659787376,-0.171491716899039,-1.51118509496239,-2.15416659787376,-0.0444684890396733
P26583_HMGB2,0.426599865295591,-0.468348996047455,3.00750492383879,-0.854650839749027,0.728560545238274,1.3051679488579,-0.498131548591359,-0.352502354191498,-0.395346286140342,-0.165509699626498,0.122179272519826,-0.330102983845666,1.83065630581694,-0.120935152257057,0.480951268224113,1.32548738145907,1.3637421209309,0.172625221380432,-0.291119062608,-0.988243804947493,-0.283732930882951,-0.435125767412407,-1.01767676840754,0.570432757665704,0.561618930349218,-1.55459654995454,1.54749884408447,-0.954659628395593,-0.483379975554268,0.59313403503641,0.750261892362383,-0.432856812816233,0.348007395818953,2.06162187316205,-0.244296489602193,0.283432298825185,-1.75754506896728,-1.16967470557062,-1.19006469596772,-1.06048695964107,-1.27209217893886,-0.357973433286521,-0.706126354224144,0.713231142012086,-0.33408890733049,-0.473446067921465
P06702_S100A9,-0.48131297281949,0.915145723681877,2.97813403081473,-0.892486626341433,1.13483937761418,0.0580136437053005,-0.0688461268339916,-0.841406684642163,-0.604067510489855,-0.323064353602631,-0.947404959610846,-1.27558481799356,1.83236379546675,0.0318411471679828,0.313093108669934,0.390983667619289,1.03270895316493,-0.758144510919015,-0.530757265904429,-0.71529063858562,0.153411357395755,-0.573799089240922,-1.37383247195375,1.86291119016559,-0.0873161085346536,-0.591502396227323,0.68862182741255,0.680025573806782,-0.578132881321222,0.531074025982927,0.560420584630716,-0.357860497049699,1.75094768561746,1.66206869937508,0.0344901725953443,0.544002908593348,0.0989274686271475,-1.31259951149344,0.881111370885755,-1.5313303862237,-0.545943972866031,-0.068638611132725,-0.438077536770687,-1.11266972286227,-1.37055793422787,-0.754508725346096
P05109_S100A8,-0.439518410694017,-0.385102246893686,2.54941664479672,-1.35815841967922,1.1080682359362,0.498408669538395,0.932750332976453,0.124004033998671,-0.642444211941577,-0.651087714204434,-0.402508204631243,-0.732718324701616,-0.251483329598757,0.1710571446327,1.12723771196037,0.860792094297313,1.44158690657863,-0.753611492036972,-1.1292603097707,-0.563741132742744,-0.021621032647462,-0.504971123264454,-1.3081082346823,2.67018403706246,0.795569371764559,0.146588073413494,1.33265520432507,-0.144472351112618,-0.0447864092701608,0.548422997443459,0.909893377197836,-0.59909117321318,0.45868664740706,2.23401843869619,-0.207891630966699,0.13305731054479,-0.510507181006415,-1.34103302739758,-0.615728184209932,-1.57822342326415,-0.926381270276225,-0.519836313470957,-0.989119866166853,-0.358752739225901,-0.682645574582718,-0.379593900917823
P02788_LTF,0.000441322432322278,-0.397910309731232,2.13801007121152,-0.545164396431569,0.641751464486622,0.472151859159582,-1.66433359248482,-0.720961389086223,-0.54478106740987,0.198697086370152,-0.219932960844125,-1.70521956546342,2.90079796459633,0.0376692147469558,-0.25660712511077,-0.245828453714693,1.58910828175096,0.0599489882254827,-0.780785310191371,-0.427049662978575,0.505516278806726,-0.968881699121047,-1.63575871094475,1.4689693628163,0.586094360047881,0.82482784386667,1.02738702063588,-0.780410404297695,-0.256742931619726,0.130707063677168,0.672114674384307,-0.289168918710659,0.832919606073751,1.43896307083826,0.61957609976012,0.769243430842406,1.09588741107641,-0.473121208102532,-0.558267573554301,-1.69413341024026,-0.716074046129857,-0.591138912758288,-0.11641577187967,-0.725947310079976,-1.2786725732764,-0.417475171643974
P17213_BPI,-0.246739548144292,-0.802646134195548,2.15910297333025,-1.98723406101132,0.0639994585487369,1.41981700219734,-1.30516213951848,-0.697169013861684,-0.294557737521271,-0.343632455716901,0.345374533274196,-1.35491040301992,1.97897443543957,-0.445977355589023,-0.00473360066823337,-0.0809510633770603,0.765966023853985,0.0473565322924744,-0.287541515630243,-0.838279199277768,-0.0859475859837498,-0.567491333910253,-0.318013874523046,1.21142901092969,0.448885821633665,-0.0445506244973407,1.1265112001698,-1.11893760473423,-0.0450977714299075,0.39808979899882,2.07648368506527,-0.298167144470466,1.3486842225505,1.23627126924955,0.156458496527421,2.22220417671081,-0.154016069779679,-0.296679637505969,-0.969989427249927,-1.68544664216448,-1.04740927571389,-0.640046411397578,-0.765538794288682,-0.0683890977590718,-0.499988597474009,0.289635479641941
P20160_AZU1,0.177813919883462,-1.02745155700228,2.23022306462912,-0.43157490101016,0.266454083627798,1.29424141186955,-1.0038773035006,0.341802755834715,-1.28618739885458,0.410440235484658,0.147718551924271,-0.914061608296628,3.08298616871704,0.370385930032108,-0.400400375484862,-0.324192393439533,1.21063225444256,-0.347510167833709,-0.494521999086971,-0.0711577691788854,0.308373229179489,-1.5886790912836,-0.49605248233133,0.465492554665057,-0.0659446875002958,-0.079732492790759,0.711880327887539,-0.215704163626513,-0.257104754867702,1.12451237848368,1.98604123948479,-0.194169033422475,0.382252967606808,0.302253122998098,0.0123517083807245,1.42569138088316,-0.665240525096363,-1.63319126680507,-0.96052867354363,-1.56990128374089,-0.960240620820316,-1.01116478545176,-1.00483882294898,0.505370740815257,0.619588435623874,-0.373078304535873
P14555_PLA2G2A,-0.545064661310767,0.606592455928133,-0.534648284320631,-0.147071449319878,-0.145038693572652,-0.702296648629056,-0.861590061272616,-0.448152293570873,-0.0587831862843656,-0.268587902781478,-0.138529320564188,-0.643176242990042,1.05578101676989,-0.145244507389806,-0.485042898667122,-0.0731603610255675,-0.631811122530175,0.423583317853473,0.0789597817452815,-0.639519611776241,-0.214761204402313,-0.584477779213919,-1.91030703426004,2.08941767218851,0.735223428556679,1.5872857971844,1.22369608678794,3.0482638901803,0.323736967698188,-0.140834125882826,0.228774938459209,-0.0389114376190377,2.34235340433368,-0.926519743538927,0.467397400475744,-0.584611272092183,1.55153790477731,-0.386298663986763,0.209997890591163,-1.089975644002,-0.906958260395077,0.934686163625797,-0.0344354325323479,-1.21678804540849,-1.70116586265987,-0.703526365156458
P04083_ANXA1,0.184099835697555,0.225456069571993,2.89648356060173,-0.990059754085822,0.265320149260001,1.21816485151165,0.629969682672541,-0.299026813105177,0.409256364083681,-0.580811216000281,-0.131346642659718,-1.5066116555856,2.23805575231464,0.369897414055614,1.12525210660282,0.645147476059014,1.06264617914646,-0.267685343289752,-0.673570435237558,-0.283804994674723,-0.191035564651065,-0.509703716887758,-1.28089078043209,1.14576594953261,0.524347983328381,-0.103670346493471,1.02163838051957,-0.763952126801574,-0.476460716206283,0.890372092749042,1.34712421678177,-0.790927466256289,-0.0466983109081483,1.33453435837442,-0.640984392177663,0.835824596427106,-0.465582528027301,-1.02476298398836,-1.2700311589847,-1.91309855496638,-0.386755966544698,-1.04255707737036,-1.23083436663819,-0.22476173844637,-1.12733079841183,-0.146401570459433
P40121_CAPG,0.247983141637643,-0.239203781833253,2.64695264975123,-0.0712860412184599,-0.169698516775702,1.1109890666641,-0.127015539977529,-1.1659425622323,-0.127237349970647,-0.482128461073076,-0.148680756146824,-1.00413685998361,0.110800068414482,0.22159417908888,1.53559337886535,0.566965874442733,1.23738123977049,0.288143162936166,-0.638415685215342,-0.781934283417832,0.515551910569858,-0.184002416223494,-1.72762620289514,2.61586795200123,0.225369039228064,1.17756318307375,1.10400461509279,-0.531615483755893,-1.25019530219907,0.772461892888195,0.122911411278331,-0.765107026410048,0.0250231642988827,1.82699515823617,0.221785391861025,0.507205651014182,-0.889758217671009,-1.71278550558103,0.0221449901100156,-1.68183286235056,-0.593636526671184,-0.737508125917334,-1.16480502229774,-0.290036071738747,-0.199748212282272,-0.41895030738547
O75340_PDCD6,-1.84509326631351,0.518601396035815,0.0949423305468003,-1.84509326631351,0.483250207830324,0.0212577709379352,0.395102459118856,0.410430443106833,1.24338938934221,-0.0782757055809847,-1.84509326631351,0.487072868998822,1.05342153491325,-1.84509326631351,0.535347669661717,0.382656491250806,0.733059415542826,-1.84509326631351,-1.84509326631351,-1.84509326631351,1.35654593091285,0.712936627735715,0.187361735635931,0.885082591916447,-1.84509326631351,0.0135361161936336,1.01961081640758,0.686221965714429,0.257145414580164,1.07452631928183,0.687867895912062,0.375038817507715,0.164715190464593,1.10115952902118,0.830862292284875,-0.273747046246967,0.0532413104549199,0.157294190440703,-0.220501443331178,-0.454192791521624,0.405395463853779,-1.84509326631351,0.557394569818386,-0.0142182167192514,0.169902660341863,0.592403184456788
P09960_LTA4H,-0.753376952044028,0.856205810408714,1.7352904534613,-0.415523816211144,0.64818407094805,-0.541670183992081,-0.640120233817958,-0.860045907508126,-0.508468836651376,0.395769896943095,-1.23848492095805,-1.02864013983153,-0.741516768597595,0.372971184484487,0.429028902183943,0.0456758592204889,2.39163766858178,-1.39535466876327,0.0163087875479339,-0.202213311937964,-0.139205313627366,2.26015771284259,-0.752643974814189,2.26045111893829,0.781346133928935,1.60821398473745,-0.798922956518074,0.675694000555742,-0.407686449496548,0.28735568683581,-0.347707515528469,-0.858426374489391,0.845342361240371,0.940349925552788,-0.24920147671262,0.547772944797072,1.16424568814507,-0.674570694918055,-0.949908604427713,-1.07402560000868,-0.996916772766943,-0.0495717140732202,-0.80485626489717,-1.47222594408009,-0.940643026926085,0.579926232243828
P00738_HP,-1.87866198658449,1.80236577461647,-0.26039504647815,-0.372753108305357,0.620985440652477,-0.595128330072662,-0.33681984058208,0.147405673770575,0.315486656878345,-0.555674258780469,-0.0730556877328054,0.293698618068086,1.09329009777969,-0.484723191127146,-0.274994098946254,0.875067699922801,0.0891034472108942,0.240236915591936,-0.448372256630769,-0.95255546780243,1.34442419076747,0.36954312735684,-0.762949390572378,0.9298660795857,-0.580577399177795,0.35689387826012,-1.20409006721348,1.20732957258761,0.215808449762704,0.338669078324022,0.0577049045170134,0.543199474228908,0.988271941259586,1.34629576614729,1.27201552716345,-0.262278390086846,4.45504613561605e-05,-0.237030208875464,1.9689395558789,-0.272286918885039,-0.670989390069166,0.0250242778467079,-0.442111666821663,-3.83373450195321,-1.33105721914697,-0.611432272794328
P46777_RPL5,0.6630527704228,0.196365201712544,2.81082576816172,-0.033384695354281,-0.279135751258624,2.38121191442135,-0.655904972726625,-0.898805478406126,-1.12430316542044,-0.513177611838073,-0.987492558914298,0.25434051911115,0.636500960135348,-0.0943732734385557,1.26327390624545,0.541235318341975,0.827429848905535,0.683902205673698,0.0826883844626905,-1.11197487833234,-0.482364821447482,-2.01520821282328,-1.23408837531663,-0.409266724984873,1.10721317328271,0.781559330213833,1.42928440106808,-0.83561358637513,0.417386718970039,0.000835707911988626,0.469857806935264,0.123216836445158,0.681563027290496,0.679070327258001,-0.745193595282046,-0.0709271864633183,-0.496936421600471,-1.66877191885753,-1.66199670879021,-0.526350090966929,-1.21857586456781,-0.103211774558956,-0.728530621384338,1.09611576024063,0.781533022489672,-0.0128746205917568
Q7Z5R6_APBB1IP,0.16481385914577,-0.563775006672075,2.99363734032414,-1.03846217426008,0.511361148101864,1.39091125512209,-0.0923916622310193,-1.20226891758803,-0.81289096942788,-0.670985336069361,-0.419409072127652,-0.38068676395054,1.50476322343625,0.328197181475007,1.95938709266761,1.00810411313469,1.57612482320225,0.275958411848011,0.0315688970386624,-0.452819330023458,-0.000396955844117736,-0.399938885012021,-1.52172070485997,1.7044163229984,0.980924137120923,-0.0410814416229944,0.865076395489462,-0.160040696005884,0.19315320979469,-0.164433824986757,-0.0558396890379808,-1.09447554778775,0.347081708700583,1.39131531765579,0.000256580941221587,-0.2628003929297,-1.01899737788204,-1.1909330372105,-1.41950906168148,-1.02007858627137,-0.712511565585429,-0.228333542882802,-1.48502949218758,0.179507073248645,-0.164119194971732,-0.832628862335853
Q14103_HNRNPD,-0.176002140553418,0.361652352973752,2.84531858150433,-0.157518744208526,0.390847125989014,1.86703703344726,-0.0764590136571941,0.0963291713089262,-0.459178395467085,-0.789807134846948,-0.638765780536954,0.0538564690426905,2.07171551648728,-0.478618013942851,1.15891930313957,0.965069886645325,0.920695387430802,-0.473270661423519,-0.410171102956942,-1.47881264459215,0.197224924309215,-0.667981047353058,-0.806686235080473,0.233173629419306,-0.346709214031499,-1.90831521657048,1.28357856372134,0.289967195874461,-0.270340229391056,-0.0482512498582534,0.753861628101179,-0.306277780211874,1.08238553761328,1.8281580492062,-0.499630201536024,-0.151817685632909,-1.0582048987113,-1.43933092099002,-0.490870350989091,-1.35405474724783,-1.01688049982044,-0.888953581448156,-0.736208507797491,1.02548817355957,-0.722823174574754,0.426660643656781
Q9H0B8_CRISPLD2,0.904748696476258,0.0262585969563994,0.673637017762305,-2.47093202284933,1.40449824911413,-0.208180945451102,-0.704108889998321,-1.07704017711807,0.137227795358564,-0.179170916871992,1.00250469577026,-0.482381045053122,-0.17679664243644,-0.0235005887714307,0.387123160773622,0.833001894179074,1.79959029212967,0.744537712168206,0.194876443768705,0.324946813497838,0.564494065207876,-0.873397927056372,-1.30183929929088,2.51093324533125,0.200860612059307,0.916765879957378,1.65912026805998,-1.03970377903195,-0.644718169227441,-0.850689066115274,-1.08756406433219,0.607401061184941,1.31784864400155,0.4831539085229,0.362112911468559,-1.49742308657136,0.594785533022367,0.0312664213440525,-0.973825590215948,-1.47966713989046,-0.282396565884531,-0.0646092148594466,0.270605482838725,-1.15547052138299,-1.42548060772278,0.0465968591775163
Q9BS40_LXN,0.26185804037185,0.85580765852982,0.697966523723379,0.734896558692129,-0.153257806630803,0.185603868905186,-0.00737157877824518,0.0210219749064559,0.204908006285959,0.572369476988562,-0.104992358934995,0.314350592901254,0.909858286241454,1.10684712963639,1.16163684462846,0.0816919460270695,1.10793505809048,0.377525350487339,0.967022134711669,0.202620264181841,1.12132175460953,0.0437085725657963,-0.355161136510186,-0.287298298690944,-2.83743721473191,-0.277604594392895,0.540497018712051,0.328099275992605,-0.187965068570414,0.0439573379204689,0.187195987936706,-0.306332567553562,0.996475630392847,0.451531449623456,0.78816167590105,-2.83743721473191,-0.154217775743611,-0.386292071500676,-2.83743721473191,-0.0561718804480853,0.455427718194301,-2.83743721473191,-0.471882808218702,-0.187215589654975,-0.286893136203875,-0.147890606398496
P52209_PGD,-0.46603011520353,-0.475625837255555,2.42039247654492,-0.559779891918883,-0.0124816547729584,0.338290094739182,0.276456610009214,0.708603290459099,-0.152934820540305,-0.208097947027156,-0.627051415807778,-0.144680202516025,0.304310133407785,-0.317816342534153,2.98231983478076,-0.434213222348109,2.50172067304525,-1.11516256719005,-0.495672087544209,0.272811659368733,0.0716734485579646,0.262669664091153,-0.739883438939051,1.49060133258034,-1.3658501739991,-0.591487358300021,0.405573300436648,-0.117752239909338,-0.0969612383602822,1.64566410720432,0.250557657282492,-0.312990406871356,0.310232779599989,0.955849007390329,-0.00155774789382492,-0.849967110479377,-0.796783687046391,-0.613023863887613,-1.31890160341531,-1.26062510886763,-0.0482353594559958,-1.01325886586895,-0.485104489095504,-0.970916654583279,-1.15150591201683,1.5466252941504
P43490_NAMPT,0.360780176470414,-0.463352865251024,2.70993749418371,-0.241813196956492,0.711950522663985,0.999088559681755,-0.309822730516404,-0.19082696986459,-0.310047868821638,-0.130282259922672,0.18769441401151,-0.0787886457859101,1.19092240605014,-0.025705479511682,2.29092731107054,0.0572759389468963,0.837610670558092,0.161529161804379,0.176657255506019,-0.133245941375123,-0.363003216827856,-1.11635237305049,-0.39035706942796,1.21255523636148,-0.511875042528321,-0.249595542418915,0.739632608652684,-0.292453143188812,-0.244575894791481,0.634199005718196,0.743951738763608,-0.0519051699941268,0.507451963066103,0.995907644229,0.0401716378719116,-0.505415368475252,-4.08495513110626,-0.794928750451348,-1.78201680014164,-0.206347935968703,-0.306114789305277,-0.392139059903478,-0.637126828044185,-0.47512272428479,-0.333732984736598,0.0636600370406002
O43175_PHGDH,0.0816889822702824,0.366950571229132,1.42790272924612,-1.78973813163752,0.60113214012019,1.26695557263581,-0.25720606566966,-1.78973813163752,-1.78973813163752,0.624129927286274,0.121612765695951,0.286242982008994,0.549279808916366,-1.78973813163752,0.962587636557045,0.505077832660508,0.618292024098593,0.464029393054675,0.464154546240679,-1.78973813163752,0.0222020819072874,-1.78973813163752,1.62601857638905,0.563907606780776,0.706924855166196,0.152648319399397,0.177782429358582,1.31393174197768,0.448970778112811,-0.388048985934214,0.541407756596786,0.73836346611919,0.931676006897431,0.423003345740104,-0.305797322283933,0.444799442179089,-0.736442204173405,-1.78973813163752,0.313458694760953,0.33003498742895,-1.78973813163752,-1.78973813163752,0.0105488679758611,0.437050526948758,0.597657800388764,-0.325286433349402
Q16401_PSMD5,0.729140450847485,0.665240012142505,1.48697168648665,-0.352164653052573,0.102500636981229,-0.0622549391006577,0.386996956058987,0.716655423547731,0.46919125539149,0.789701806197432,0.258161586247949,-0.228378887269615,-1.20353178382892,0.46677171770114,3.02601313346882,-0.685384956133132,2.29117682732933,-0.199805047137776,0.511546192041257,-0.498563768869299,0.604468905276083,-0.206960346488609,-0.0940787754716012,-0.436842196523235,-2.23166168414463,-0.905208625551717,-0.260307854094633,-0.172722247821633,-0.398227135019928,0.378018007329003,0.281216947120424,-0.230679947612922,1.95932132556097,0.616156497713823,-0.170755902780683,-1.37140017401225,-0.707657718881032,-0.788685145867363,-1.19579453407751,-0.638405725326738,-0.844071780814241,-1.11845572389711,-1.13474867784282,-0.571273021479493,-0.716328152652658,1.68510003831048
Q14CX7_NAA25,-0.150544222874131,-0.966517279328487,2.06425718350612,-1.03720327165317,0.386205334314281,0.296062460806099,-0.830491530748921,0.211917109450795,0.0988655603993599,-0.221424022573886,0.450989560401579,0.820480805906582,-1.67618611071216,-1.12190094086684,2.94567049295576,-0.721614254255529,0.947754383056761,-1.06497659636856,-0.257469018992532,0.494770462072709,-0.0498285968506257,-1.58127101838323,-0.159173426257912,-0.244910852881451,-2.02294663091992,2.78549727336712,0.31671706024741,-0.359878903794718,0.981826903310164,0.276080824497499,0.265195403966804,0.287618679298526,1.30022923225416,0.407983855120152,0.216645019367501,-1.33724504723515,-0.431269334054418,-0.102711675668817,-0.367397599467218,0.190485229133949,-0.0622771724293136,-0.691639388668633,-0.415364422200576,-0.567655829653277,0.193937993980023,0.502706319426144
Q13153_PAK1,-1.99543497485276,-0.307961948763644,2.34674687433671,0.0276345292358334,0.16584152835067,0.657568419074661,-0.0202424263945038,-0.499418847542067,0.642256627662828,0.694917607275338,-0.202830345830778,-2.11561168413344,0.437468870381251,0.813658896570177,2.82497904680148,-0.175007483212887,1.11583049571791,-0.771811286796139,0.752243853627597,-0.59130137409303,0.938855343797804,-1.32303888771711,-1.14291433850697,1.14612760321415,0.672351195561128,0.217658454995291,0.989755566211084,-0.435631483741836,0.0511921870859818,-0.663480877783002,-0.946772176520312,0.0473618760730367,0.858124530098882,0.628919041611484,0.187176923393319,0.0196046639621165,-1.99543497485276,0.559872280232732,0.179685175162792,-1.51279687299913,-0.0690162795643945,-0.151717322695886,-0.153722622938118,-1.06818719271119,-0.625665205793795,-0.207832982990501
Q14558_PRPSAP1,0.967627719806544,0.440349506470154,0.878070998464038,-0.481604092571793,0.142372300493582,0.178226136875877,-0.0916310855896099,0.730268560411896,0.31968594128869,0.230181737839029,0.126689789808139,0.185712847559966,-0.994945452463098,-0.0289355630732762,3.23092339226992,-0.960008634228857,0.841924742174254,-1.04446118455581,-0.381831408460673,-0.520254690728154,0.654523544583481,-0.485748066034496,0.510379747340765,-0.182867944814186,0.698677536397595,-0.318304199254276,0.630075227089038,0.370052219725388,0.0189234730294317,0.125613342931857,0.109359485994179,0.24275429759319,1.26423597014203,0.263502989187824,-0.864877678362916,-1.68747270665284,-0.297703646124376,-0.746650444677065,-0.0347379369962372,-0.100789517233337,-0.115689402679439,-4.33119268448644,-0.312177118843719,0.340205523937127,-0.152111335335815,0.633657761752416
Q9Y4K4_MAP4K5,-0.0113249124397855,-0.560926406295385,-0.420500895136337,0.0833234983258715,0.439421577270066,0.348920180658774,0.928871484179068,0.121600964618967,0.378924361776785,0.784649242358115,0.733869593102599,0.591071990439183,-2.63740877050083,0.121184727477235,0.444598394728043,1.16624126288697,-2.63740877050083,0.214638509238869,0.34786153320986,0.114428764103318,-0.131560014322523,-2.63740877050083,0.839120880872516,0.210038120696171,-2.63740877050083,-2.63740877050083,-0.177848387731055,-0.0912396689555376,0.191734331191747,0.598450720496452,0.612393741223927,0.240171064342627,-0.0961179641896954,0.223034001329682,0.36614365339968,0.710063547498488,0.280208690905463,0.222172754300433,-0.50037431084298,0.465694312951069,0.790009918375398,0.377163572521654,0.432705994212472,0.741944348198755,0.794752847745334,0.261527827781877
Q86XP3_DDX42,0.884947869288944,-0.694313321635331,2.04559408961612,0.0597657236419085,-0.355724603639166,1.7225247421769,-0.264779413907795,-0.475133201132266,-0.927422126709335,1.21253982744913,0.798958684598187,0.183375924132317,0.346052288602608,-0.326010633951137,0.395765521092819,0.450740231838414,-0.0319247297499063,0.909109537503211,0.601674568617769,0.383558644197408,0.491937332417307,-2.69194639448137,0.29952628557552,0.0801563988301833,-2.69194639448137,-2.69194639448137,-0.0885459841319008,0.0255797301374191,-1.13997053703982,-0.0402918510865856,0.144596584330572,-0.317844256757347,-1.29643786713464,0.384028303627045,0.242806900815313,-1.14082524821471,0.0381294692899709,-0.385251129355678,-0.698384069396027,0.276056229033689,0.40432645930314,1.02142119991825,0.293239274050951,1.16039697513718,0.385815765492868,1.01607359657063
P02686_MBP,0.441530296616369,-0.51437304231099,0.0890208677159492,0.277148694179028,0.760543139314739,0.76695280144787,0.769526136867405,0.810407553361353,-1.91517960298805,-2.03909826392437,0.924473295235851,0.621224075756789,-1.83919914296498,0.500447548301906,0.175038146754178,-0.894025200022817,-1.83919914296498,-0.477414343318525,0.805547901905753,0.519691797759869,-0.218624576716003,-0.455714904315784,1.30820855108706,0.725342164365421,-1.83919914296498,-2.6813131178486,-1.83919914296498,-0.0798614668811929,0.0492690335815739,0.590333528730932,-0.363842755210509,0.603817996830339,-0.308692295068611,-0.115855612655342,1.09534050695047,0.0292985663814063,-0.269208012207332,1.42124395480252,0.352718710773492,0.972010101262411,0.124127964261369,0.12524455461427,0.802830378444232,0.989436047536678,0.601986703735697,0.437238746753097
Q8WUM0_NUP133,0.14085686587313,0.410565727867898,0.860466407723031,0.727214449359877,0.446890286891857,-0.267276847286142,-0.0154595581128158,0.131942503115456,1.21701518761993,0.845603700843143,0.0558269503775416,-0.239052044016142,0.495965862528361,0.548539183990793,-2.32796117541894,-0.38184976962816,-0.0576960454663168,-2.32796117541894,0.551802811155694,-2.32796117541894,-2.32796117541894,0.560172030338313,0.138879349391214,0.0694044247872157,0.509594918730577,-2.32796117541894,1.50930378813071,-0.0532844972218871,-2.32796117541894,-0.236595624451909,-0.154384914075887,-0.369305498757411,0.674736732913071,0.191417117222195,-0.246060347097979,0.976972784076729,0.46834705076124,0.281003726547356,0.267556489013986,0.615156742055799,0.202778929132953,0.748658304374117,0.530076436155314,0.666529982961919,0.301204005624385,0.84424944906451
Q8IWZ3_ANKHD1,0.829483411563292,0.567834434282094,1.91030209081641,0.667415513325165,0.656269077568028,0.239390457470589,0.299226635077557,-0.250784484165553,1.47566907296495,-0.0942322131966639,0.878322105436726,0.423457224196698,-2.1369033160672,0.736882321810188,0.815221972808283,-2.1369033160672,0.232942879531039,-0.132690860386654,-0.304904649162259,0.415700551971191,-2.1369033160672,0.666423623485803,0.658003308001668,-1.36020501765024,1.08863900360858,-0.0320492534502475,-0.0305874219551493,-0.143883611623454,-1.17960515149411,-0.262861410278287,-1.30748499845845,-0.951123362380382,0.5505368115772,-1.55045334979392,-2.1369033160672,1.40090812259449,-0.713136145780185,0.393813732208122,0.143712287793959,0.515337969850684,-0.00350533981105842,1.04530760530266,0.370638595367895,-0.737506034024579,-0.285399477590133,0.906587236856861
