No558,No349,No355,No14,No147,No176,No223,No567,No479,No330,No480,No335,No519,No455,No421,No377,No347,No348,No16,No132,No138,No140,No22,No220,No451,No326,No262,No328,No332,No333,No334,No429,No240,No454
P02741_CRP,-0.721494079171375,1.16235420574106,-0.520464774412915,0.695719802787674,0.912234382260321,1.09419878046326,1.04954354503531,-1.18709058840932,-1.846257206752,-1.846257206752,-1.846257206752,-0.879396237860156,-1.846257206752,0.238360495000744,0.921987947772104,0.489653696408739,0.215385308805857,-0.0701289113889303,0.0961793175126215,0.186287269800185,1.85458877691682,0.661306761906155,0.979299281535464,-0.19044138537465,-0.116886229191694,1.26417992461557,-0.0727618931592649,0.252648073082836,-1.01771940748835,0.323649956853944,0.219375297340918,0.696515303087699,0.22801280270105,-1.38006859616369
P0DJI9_SAA2,0.784479874598961,1.46367941272833,-0.909467857742228,1.30154757870636,0.126608961218551,1.79913741834454,0.633194737856335,0.501117038794294,-1.93154887188804,-1.73950570047496,-1.50650058167856,-1.80893392550543,-0.975601125163282,-0.44754954875852,1.07425227960238,1.33384025281661,0.437676879392564,-0.26636938894723,-0.184247742383392,0.251183075904909,0.0943047847977291,0.47747802247963,0.326578934772749,-1.2642714721798,-0.218913338976717,1.10193727670169,0.11718191821874,-0.221405169442267,-1.01817417024499,0.504433652011396,0.538016697811357,0.632674035316805,0.308422571875797,-1.31525651056431
P0DJI8_SAA1,0.720383608017985,1.65561521147097,-0.59320841012463,1.27220765206413,-0.185185043791461,1.58045906108394,0.621360526394739,0.479283464151119,-1.86859674766338,-1.54251441345912,-1.50988784509395,-1.97873581702773,-1.0026454590453,-0.417983830133773,1.25803072419299,1.46854986662516,0.172025032639845,-0.0655316816751301,0.0753239119001495,0.00478610406265473,0.554510702319171,0.298856382490666,0.319065715602295,-1.02602945904419,-0.410116448093756,1.2151473903988,0.331322960842226,-0.333013810104511,-1.08771309808969,0.589565000238983,0.638084057345798,0.33207656981981,-0.10958384405149,-1.45590803426332
P14555_PLA2G2A,0.043307478519897,1.08506272858817,-0.993005474846624,1.23008681077819,0.130305960377395,0.859112464340537,0.399327967880959,0.108447427088633,-1.460767895349,-1.02002143644283,-1.62737417115733,-1.37540578774112,-1.33665624619616,-0.206188770669349,1.93387301876967,1.27570513371881,0.682218428726812,0.254355188021396,-0.226623337930111,0.549933195180048,1.10986422306789,0.324481398032602,0.641083536689889,-2.34591503845325,0.466864605395313,-0.0902231430271411,0.218568781895456,-0.0900607651779692,-1.04183690524929,0.409616736596353,1.46744886968285,-0.0284484935437266,-0.0602206657284018,-1.28691582183859
Q8IUR6_CREBRF,0.489259726307193,0.369189187256083,-1.4324135863657,1.48171198942656,0.428360513871523,-0.344694832170305,0.401618150860474,-1.4324135863657,-1.4324135863657,-0.117778896012065,-0.0686785104614687,-1.4324135863657,-1.4324135863657,0.114776323978673,-0.00498650140108933,0.712002254859113,-0.16396446883186,1.13740711177321,0.84428503207378,0.605241060490038,1.34976600537541,-1.4324135863657,-0.953899582579262,-0.584071982240027,1.04629597714021,-0.348359709919046,-0.363832818396665,1.22761283095,0.673913779407066,0.960484395835581,-1.4324135863657,1.2103588530416,1.35729280029091,-1.4324135863657
O75223_GGCT,0.811357328098793,0.477765597558166,-0.474540432996817,0.799507782456603,0.972442039386604,-0.765588247812787,0.3607728033598,-1.16662161923672,-1.16662161923672,0.0909433842036098,-1.16662161923672,-1.16662161923672,-0.0770404515692692,-0.00129260521681936,-1.16662161923672,-1.16662161923672,-0.20646152281603,1.61531477222041,0.69369802718374,-0.362067590612218,1.56696590685904,-0.329891792111528,-1.16662161923672,-0.173237999122544,1.01269338409845,-1.16662161923672,0.517699050857937,1.45609650661779,1.16119929436195,0.0773198045452369,-2.40638106940264,0.527316495171874,0.914341769062057,1.07404071951237
P08637_FCGR3A,0.811616325372792,0.766901546406739,-0.345201078444378,-0.0854831907834908,1.20194974827494,0.696129061217072,1.1876756632681,0.529241547846115,-0.433860934840017,-1.21302439160211,0.310130300367535,-0.714608528320994,-0.451244794180262,0.145617490309025,-0.229853847986775,-0.325640976441068,0.529965077638396,1.92057464934169,-0.806209001509673,1.42414590141538,-0.0197664410385026,-0.149852283030992,-1.25043599201722,-2.96567217301475,0.553816191643982,-0.804116042943435,-0.0980800626237497,1.81687214678901,1.10068232577352,0.225409924299978,-0.823586077212579,-0.740691272582762,-0.783597273966041,-0.979803537425466
P12273_PIP,0.513597685833869,-0.243775935672263,0.971122182839443,1.38920734423388,0.623639255485247,-1.92241268777094,0.303033608764995,-0.221676341641044,-1.92241268777094,-0.558875592196062,0.231618030987516,-0.859399282120523,-0.498233683378543,-0.800617629461776,-0.526905590650793,-0.204578059292762,0.566582118990426,1.20685477508746,0.646545278415193,-0.100180966521276,1.83559179530133,0.128186605733505,-1.92241268777094,-2.10304584506669,0.944669767229041,-0.929600726939926,-0.0150967682790675,1.4066221128634,-0.0787757584017045,0.846205818115605,0.0822694571081821,-0.351956166525493,0.936673298927916,0.627537273543748
P02748_C9,0.580424549455534,1.09358179640067,-0.667001929939837,1.11973403212764,0.186807697130186,-0.447652572327085,-0.128061949320819,0.192462838857333,-2.11527425001903,-0.913891758639283,-1.27842118031133,-0.847725823580546,-0.768537368067759,0.254688590552623,3.00259431769747,0.221654100621225,0.479390690626941,-0.0471661639863713,0.371963322459094,-0.844528478306506,0.486202807262589,0.641332452609279,-1.15630109768656,-0.719665999955397,0.550441534071135,1.7861565361642,0.59642385298709,-0.31051608858899,-0.67042996187254,-0.234229223555504,-0.677746066370331,1.20737082241535,0.449407048644102,-1.39348707755458
P26572_MGAT1,0.540021937980797,1.90404039563808,-0.541447594433752,1.73554295547372,-0.55567516049977,1.40467117711157,-0.248964952057094,0.900761776506531,-1.57692270895688,-1.33811217477585,-1.07058921851824,-1.46556662924201,-1.31268189232422,-0.354050457789206,-0.272417493335995,1.24238765814859,-0.044650876477304,0.173448655421445,-0.148108782807391,0.388555436969718,0.838439589408817,0.364970153021782,-0.319794559308573,-1.09509002384087,1.09563525257311,1.0235649058247,0.0199304681433519,-0.703694898550566,-1.95496390145399,0.955108502197835,0.0177968945884685,0.888909252502353,0.407730699074702,-0.898784386213872
Q32P28_P3H1,0.656935068156437,0.684323085625964,0.359581918142498,1.33986910349796,0.291278769463624,0.289409130498574,0.791760634526979,0.617793879669259,0.0266784669374535,-0.793336279632763,0.120992789152193,-1.2006808565451,-0.0431236298846779,0.171612315675946,-2.61747772052829,1.01557952301868,0.261290410201743,-2.61747772052829,0.766705459442556,0.406258842232792,0.0999625496322013,0.971578841871561,-0.565786869993134,-0.592364455619731,1.13154066691282,0.0645994661152434,0.00444459915670875,0.638047926380342,-0.78670429026961,-0.0438526142658544,0.321188443132595,-2.61747772052829,0.617606026630485,0.229244241721128
P49356_FNTB,0.377647290209726,1.26536518502792,0.530892126279665,1.36656500241151,0.0495863821830532,-0.222330295652524,0.123848960178991,0.138254654606173,-3.2300692753032,-0.389811160178226,-0.466490727697375,0.568016698039432,-0.726416489971604,-0.300633181037843,0.597761938007027,0.574807393887074,-0.468421452073776,1.04297767277407,0.338149742179836,0.17590957073187,-0.454311473864276,0.938117395613072,0.161297175953888,0.689741385228718,-0.111334667859918,0.0486041645610329,-0.806949396217745,-0.10189438041452,-0.024247541497716,0.38185160462732,-0.628988068604142,1.27716139794965,0.515411645226026,-3.2300692753032
Q9BYD2_MRPL9,1.73995483537373,-0.135519453975961,0.689543485932897,1.61515860730904,-0.137235613879117,0.157137665751557,0.468031126969386,-0.041276091705358,0.0485218777524384,0.0870388174857437,-0.149898323863518,-0.224165684935811,-1.98591861154088,-0.498576414418089,1.49671994675686,0.732604834019411,0.335159241708531,0.321633870626175,-0.0590272887316644,0.161853060815172,-0.629968877531553,-1.98591861154088,1.25793769908407,-0.0253691024317568,0.347200826064843,0.585880790770842,0.701711976004516,-1.98591861154088,-0.0136035902828663,-1.98591861154088,0.671426584233345,-1.98591861154088,0.0481179875686655,0.37860026523288
O15120_AGPAT2,-2.97895014478538,0.144739929656759,0.616956835452913,0.860427378865149,0.64665735766685,0.506053441660453,0.474132139819785,0.0237156572292949,-0.00887093936403912,-2.97895014478538,0.0130691588965828,0.0424526030824885,-0.242239842739089,-0.299216237241182,-2.97895014478538,0.086676478157497,0.692482389360451,0.235169532413954,0.571470395786804,0.4030374713603,0.363683573921253,1.01131823465212,0.395620298274263,0.696911855787453,0.260014488884264,0.0571295630795197,-0.197468229737522,0.13427071627861,0.375707048761695,-0.472284582007661,-0.0279537160151281,0.563550431157842,0.640852913277146,0.368784087977326
O43707_ACTN4,-2.62876286690668,0.698873409925004,0.279953074706573,0.0698399442189848,0.708686664277199,0.599345188153492,0.44909685962712,-0.0655779593005994,-2.62876286690668,-0.708394167488704,0.117616319059712,0.0532189109406515,-0.878373406201074,0.0717288668472439,-2.62876286690668,-0.8832151378118,0.592536362801561,0.890272507189833,0.0127988664819119,1.17720066326296,0.382113116105774,-0.803206359347218,0.414736424250876,1.33068488673513,0.322548502652135,0.504987663073508,-0.123665785141494,1.18352417874566,0.907060992039012,0.10694850036641,-0.177597022299322,-0.134050802258638,0.795033979761746,-0.00843664065360638
O00291_HIP1,1.33009236280917,0.248159228170033,0.0593818388539057,0.543522259183785,0.262295152836248,0.242125218988782,0.0457283492746715,0.201900805400348,-0.79933886237527,-0.0543984606416513,-0.0078280407435946,-0.955644722825432,-0.506313187661122,-0.0614784162103721,1.0090201111418,0.675333420311358,0.223319126613768,-2.19257941882743,0.758890003442181,1.51921409272749,-0.028026276487476,0.81035722462148,-2.12815789530544,-1.29370941988735,-2.19257941882743,-2.19257941882743,0.330161911591275,0.716598944114116,0.43721614153367,0.75076060477958,0.616763288812051,-0.0523207536690454,0.930688146270441,0.753426060812867
Q13217_DNAJC3,0.056342399217643,0.0647329328689927,-0.0874079837073459,1.06494151873693,0.707040561464821,1.27035067302074,0.441881892872619,0.142493110643142,-1.01320173019907,-2.62846532808532,-0.362681178042596,-0.729412193636811,-2.26290734760675,0.985584564819939,0.283501115176672,0.32314192708542,0.8029480777622,-0.482681110788022,0.80689380675066,-0.0546874107867837,0.569056310442503,-2.00261068936586,-0.185396337777567,1.09321967454064,0.807783673264958,2.02308240675191,-0.4729886437004,-0.142894142335818,-1.10431772030465,-0.371660543952904,-0.707789921854184,0.444634872777318,0.0113914184059174,0.710081345541056
P10599_TXN,0.1068727487029,0.23531026385799,-0.65048061339423,-0.130254734584624,0.536746360787865,-0.0368138493343201,-0.107815509081679,0.322426944201042,-0.705345911303131,-0.219950873774269,-0.85718079259764,-0.664148260965506,-1.61784549632245,-0.229482787939899,-3.39058316713588,-0.142183005881887,-0.0696771768009747,2.06501147896287,0.689193300830008,1.5128319943226,0.695602146571092,-0.597720925418226,-0.052795106430921,0.971019471607235,0.396848764463816,-0.263347740726341,-1.31597518494465,1.44144459611511,1.41749165178396,0.711780972561712,-0.723819342602936,0.0646899870329869,0.522106608189929,0.0860431892484461
P42331_ARHGAP25,1.21170990700061,0.537426728878256,0.44608474734734,-0.37245950843142,0.730275243248037,0.476826975371504,0.377838584427716,0.341105018159895,0.239008632897711,-0.497915063468219,0.446658158197688,0.245957313400945,0.101596546793722,-0.23127042470129,-5.2318334402122,0.195349876331501,0.380452840770783,0.267228962569051,0.26069550395762,0.283938086375657,-0.286017936922269,-0.0753180389315454,0.418069167638598,-0.114755810119392,-0.196805486980619,0.337254061246992,-0.0957520762811383,0.692220844164103,-0.0217931666013233,-0.271726191401827,-0.586356124909913,-0.313973732790165,0.123528121648441,0.182751681325153
P29144_TPP2,-2.47005925067753,-0.376478900154184,0.744499376813309,-1.10050047432059,-0.094881471619462,-0.0713804260574919,0.0998897685974904,0.415004501165684,0.4486617424778,0.279709395965999,0.451472434153299,0.919960034793263,0.252100332423888,0.330257613004136,-3.31834442871787,-0.736123125666857,0.387473589995516,0.135732162753424,-0.173941904754195,0.541037862614008,-0.0542413665710861,-0.672601825556859,1.14270588467197,1.4110513589586,-0.486908779255529,1.17517243038454,-0.340815074305174,0.672655708813793,1.0978597270655,-0.33461041711439,0.289772099674055,-1.77813442508185,0.538283014423811,0.675722831102983
P13942_COL11A2,-0.344915046099699,0.109956615236584,0.303671308012274,-0.391867869161594,-0.120626815122055,-0.731002127993067,-0.691317091329186,0.0202721389545342,0.132016179589601,-0.0919602962375418,0.922845596995634,1.04460092906292,-0.153861449655575,0.505514602724116,-0.0628127917563497,-2.1259109167977,-0.0563687169343218,-0.483034175034434,-0.249239970607241,-0.495117997326967,-0.245376925964724,0.297843833372255,0.427820768644284,-0.389951845212961,1.36621785310565,0.255443160150863,-1.62132730724743,1.18931428293349,0.0783561268470687,-2.1259109167977,-1.17779612461178,0.652035410270958,3.23122595098584,1.02126362700426
Q15435_PPP1R7,-1.27603268177872,-0.0239799491739806,-1.03798649465963,-0.586736337688418,0.411267711940786,-0.193260165156767,0.468073574848583,0.971272917127776,-0.662739672719251,0.615873877066049,0.660586132865491,0.731218986488344,0.845772978437604,0.492720974066662,-3.88157582598154,-1.0158583339583,-0.427629688650232,0.217595413829232,1.11349318356969,-0.12065302277087,-0.421648405973012,1.32347448529006,-0.390268496684087,0.410753520025188,-0.0371015276115656,0.809600924392278,0.873848068389452,-0.39811022619347,1.5686039436887,-1.14630723803531,-0.122578741739755,0.0400840391154847,0.647011682056672,-0.458785604423129
P02768_ALB,0.128736289881109,-0.560267731083676,-0.689877034155739,0.325709406664578,-0.0581774124136799,-0.343265937740081,-1.83646343789918,0.694353119273222,0.232307843382,0.404726832825496,0.179002570178613,-0.0421061629394635,-0.152496833161265,1.03026903307471,-0.112863847925522,0.977891933171771,-1.18082865225859,-0.622756820277535,1.33293574414542,-0.84783738610138,1.65985026855052,1.23235419122284,-2.32323401133327,-1.05256247721159,2.02456850174518,-0.929174489873071,-0.653400298972732,1.94636125025167,-0.34073508493587,-0.938495031344475,-0.172955415454866,-0.0159233660654053,0.73742822415444,-0.0330737773741698
P20810_CAST,-3.93600411998342,-0.123640291078672,0.344380317368726,-0.170478708147153,0.213300657088524,-0.628853002523455,0.164629364207523,-0.07861902313965,1.05219268946808,1.27562758860314,0.601722642963906,0.364864567281375,1.23990418016008,-0.101711751221864,-2.19068512005756,-0.432612512551446,0.420381956011383,-0.336946059955064,-0.292066729279655,1.25844309469413,-1.12226310414056,0.715448081771453,0.637310316678993,-0.466750617483454,0.0469050175066046,0.268604270781676,0.589655391439016,0.28834502129954,1.01967569220888,0.331116506090482,0.303170525677827,-0.718084182903799,-0.684602163252511,0.147639504416926
Q7LBR1_CHMP1B,-2.2952689611832,-0.84700908788261,0.956110885438173,-0.82991325732028,0.28119735209162,0.376606850046785,0.585098005507822,-0.323470889319416,1.46890079302847,0.991192589185229,1.70827613581594,1.0886851320099,1.33710669389191,0.14194048945191,-2.39066822118854,-0.357788834213384,-0.864452253377526,0.0580914164690272,-0.516144358192611,0.700129936023112,-1.83976703134417,0.305905471606953,0.553366066168079,0.20618411568287,-0.411945731874338,0.432086131443143,0.908878980289236,-0.534755667186016,0.208715525888808,0.069776131089101,0.901199468203942,-1.1876250388099,-0.880282543928893,-0.000356293511144783
P02766_TTR,-0.420428469462491,-0.192042833072613,-1.11144012836204,0.439248538917708,0.124402325906114,-0.785289015958088,-1.16876895810484,-0.22793774176759,0.83117159485483,0.447655275215281,0.768514121468524,-0.0556461305466672,0.274839872795513,0.763766461329358,0.0332025300888316,0.418794370526056,-1.01845177203806,0.342298308195618,1.4121717002498,-0.544533340559395,1.05516220854854,0.810995559004031,-3.08430647606058,-0.93832224957069,2.27509009936436,-0.737265193381145,-1.12508613093974,1.02492131455741,-0.130916850066102,-0.408092016193851,-1.17225347195587,0.932320937288994,0.925924283214849,0.240301276513937
O75347_TBCA,-2.49611774902913,-0.924538572797823,-0.427264837765242,1.43546338476512,-0.169350628863331,-0.608861677672628,-0.492768402278253,0.338163857300222,0.546392983861285,2.39928984223219,0.958322839391344,0.975783397072074,2.0502302237929,0.616256270756506,-1.02706439491932,-0.121710375805111,-1.10496158241444,0.0145718902135339,-0.139654331862369,0.298049563448229,-1.51608123788171,1.00304302350734,-0.760392564956876,-0.576631414379448,-0.184808921000478,-0.5131893864278,1.40478603324215,-0.735258848947142,0.766326237028063,-0.136892073742038,-0.155824493152219,-0.559668290113481,-0.188344680250035,0.032704917647913
Q6UXH0_ANGPTL8,0.299887114978447,0.561040205660508,0.44027173250572,0.680329999613923,-2.51018184464012,-0.787501146346597,-1.4653159830975,-0.22818641672307,1.34737885967699,1.44255219620387,0.944130548722291,0.66761686342688,0.951867974561591,1.34222090260849,0.735964564102243,-0.790408132276208,-1.03327449075856,0.184440401919548,0.386343775413892,-1.01424941011258,-0.774945188596517,0.115697145359353,-2.11633535790839,-0.404791969609012,0.80950586219041,-0.107158516748158,0.419635397291187,-0.0863486745767114,-0.162141614793434,-1.29607650998951,-1.13933800207428,0.941847826638015,1.02147019535691,0.624051692020387
P48061_CXCL12,-0.0436130779231423,-0.522351312831104,-0.350674492700534,0.737456138893387,-1.41929471992855,-0.317290153041319,-0.225441038995002,0.436058356033743,1.20110310723547,-0.104164831790392,1.71048558549932,-0.146046033464096,1.50710496787197,1.59705156222307,-0.164846971444385,-1.66478304638069,-0.624825599812467,0.0767280793350727,0.677422103661233,0.367796245381742,0.345510915516121,1.6644416950361,-2.02832505651052,-0.74680566503455,0.421860377550519,-0.950068563494014,-0.734371595559105,-1.49847821565077,-0.383396170571715,-1.22103421519497,-0.335547894961287,1.71388473897003,0.352301358938067,0.67215342314277
P05091_ALDH2,-1.93133421236017,-0.821044771683779,0.421733806767353,-1.93133421236017,0.412508003006694,0.208302616927164,0.00470606014498428,0.662826130333667,1.01174946811155,0.433332111223574,0.472197595260764,0.275843744289611,1.04902898044971,-1.93133421236017,1.36421005550734,-1.93133421236017,0.272792646993716,0.517757836444849,-1.93133421236017,0.665951998137746,-0.274807730750165,1.08196130065908,0.484223434278061,0.257476726469458,-1.93133421236017,-0.302399978157886,0.914549761072049,-0.179090593925141,0.627320184184026,0.312192408673231,0.702824823765322,0.22212665344411,0.438643723902201,0.351088278631721
P02753_RBP4,-0.580198484190535,0.268356171706214,-1.18145378110706,0.0563655203945111,-0.322743331677143,-0.777278862774376,-1.88162032358224,-0.308456946089935,-0.577668266255361,0.148955023659216,0.360974401580086,0.295220252032505,0.336389917008441,0.333247257754546,1.82874178957918,1.1995888551548,-1.64569459535054,-0.911581001384989,1.47671228104776,-0.374212635295804,0.888954137939689,0.0265877584544425,-2.47981444795106,-0.636684057551048,1.74673921348495,0.0913167336075319,-0.304182302182777,1.58228722539594,-0.359971731819438,0.197417369215871,-0.46339333610197,1.34171463270017,0.429050630564847,0.196334932033569
P63208_SKP1,-1.8970270290017,-0.717708464383122,0.0780744244423776,0.697728240644532,0.0831960656661219,-0.215007732207653,0.260711258980311,0.000348027214958603,0.448951132105076,1.73854590883644,0.907105915378574,0.450363495917904,0.961482818325199,0.806405783716465,0.436496664499837,-1.8970270290017,-0.357558401925775,0.323420813049754,0.47380625187671,0.152834200212871,-2.56278413550047,1.17494816608271,0.841134251912751,0.220989093893256,0.511230866373122,0.0549828864800363,0.202903921648912,-1.8970270290017,1.24559517241605,-1.8970270290017,-0.354529992824867,-0.120515000060177,0.287629519135305,-0.442673035900388
O95456_PSMG1,-0.557769695183919,-0.659328394103609,-0.321944955303715,1.55356095783681,-0.313623011126978,-0.553870772239637,-0.142064626885778,0.175403398770125,0.803266213022257,1.96107198373219,0.00977974798508537,0.920108154092175,2.55894775250407,-0.542017894352684,-0.500078173212183,-0.825903495003094,-0.577952926507161,-0.722846367871333,-0.010145160425776,-0.913347709999273,-2.10238675968395,2.15696904383153,-0.261501550219694,-0.282635961355988,-0.780380677507033,-0.6501469899216,1.25580106809406,-0.882791464892139,0.630607806183688,0.240347534464485,0.56980004238684,-0.331506253688497,-0.986120373933351,0.0826995105140713
P13987_CD59,-2.99403487891569,-0.626971906960093,-0.285012381272875,-0.0866861437621491,0.520516747897882,0.730770063963008,-0.474540823422979,-0.58003860515866,0.58975699069648,1.56237646520392,1.12785758259135,1.55400433981596,1.55634621390876,-0.0273886042670983,-0.962209389875302,-0.149301733313717,0.134942106789063,-0.539711617834192,-0.734844171127723,0.439596557996448,0.0867456250753719,-0.159947167720462,0.167247636700006,-0.293446734553524,0.0927196574426068,-0.715975573494901,0.0658199615828687,1.17850350432851,1.42235899548891,0.374558532351163,0.381039900287194,-2.56836195973077,-0.497091771134757,-0.289597419574606
Q16658_FSCN1,-0.175324564492605,-0.176018588163828,-0.612046907922435,1.49371901474918,-0.55856264469868,-1.33692520803539,0.310695362887107,-0.420646415393293,0.726009239942034,1.96156092799142,0.738622193436801,0.408634129440729,2.3167436728371,0.493636153809345,-0.562877378744538,0.58139317363306,-1.07344428055503,-0.0939700983687476,0.381255274474369,-0.0216400750686755,-0.844659089718001,1.31100394352095,-2.28756427383531,-2.08166165129205,-0.128744168800285,-0.95929729102201,1.1224823176804,-0.819395386070062,0.144944889921675,-0.294818278069443,0.0724573578557561,0.104216600069017,-0.227025047069765,0.50724709507121
O76061_STC2,0.297882508621112,0.284771704777098,-1.11662596634276,0.763142189368102,-1.86216497550001,-1.01372518075276,-0.982473977537509,1.29361240693348,0.228179754256919,0.950153791416051,0.120304772548944,0.325079243814434,0.616062596280854,0.930670369408839,0.533737324484886,0.428049162110983,-1.16799423369436,0.623670081104422,-0.0163163535834591,0.523994420370753,-0.225170932219127,1.11300624430228,-2.6855582534401,-2.19554915587668,0.363446646566848,-0.297150033948009,-0.0485188761901478,-0.141194719717958,-0.844575147901515,0.802833614254174,-0.703906431745542,1.3308505194417,0.503797591022694,1.26767929736535
Q9BXN1_ASPN,0.815882681918408,-0.641521165951127,-0.287841462048226,0.908446975238945,-1.48325198873568,-1.41307915686363,-1.52063890708706,0.53339645828876,0.444007408268209,1.08989466643336,1.04041210110418,0.131321960666575,1.05196411262328,0.900910168837917,0.0384660667400257,-0.838786644453839,-0.381668432147568,0.562572700864373,0.866785667245973,-0.255760389477166,0.143942761690086,0.823007862826544,-3.25125685240035,-1.44909155058858,0.893865489281296,-0.408564547323335,0.197772980355424,-0.372643149525715,0.0795310054931161,-0.373848667763036,-0.631980613533935,0.581799603093036,1.15024889157035,1.05570396535939
Q53RD9_FBLN7,0.320779717998076,0.074128281045749,-0.406937969399425,1.061356817684,-0.775182631762061,-0.980466757165675,-1.07327198588466,-0.291686633858956,1.50175448832307,0.881457090558635,1.15074058691229,-0.0994851692230715,1.5206565684566,0.471340160762853,0.386918343762172,0.304509909253608,-0.538082840835674,0.937989654587593,0.261513189236212,-0.19807788832572,-0.0502131946062422,0.52459219344202,-3.5420693035387,-1.81486852482332,0.775574891326874,-0.103561147340458,-0.193706246405828,-0.254359278997391,-0.156399136581795,-0.215302603567601,-1.06440143992916,1.04051765202616,-0.473961053354482,1.01820426022432
Q96HF1_SFRP2,0.78920264928246,-0.465207373737376,-0.10383477622259,-0.153918483314089,-0.929656301951018,-1.84080938841272,-1.64200725210411,1.85940288168018,0.445532684689027,0.866039744877206,1.455798349219,0.346998789218918,0.88924493140918,0.808179842097484,-0.33703652371631,-1.64200725210411,-0.398844321652489,0.699087156409075,0.619068957700523,-0.12936340553863,-1.64200725210411,1.4516793341694,0.25749819640532,-0.323251651265576,-0.151738343701028,-0.635962731048994,-0.834657934815618,-0.386682458400152,0.558192618978752,-0.880505846238448,-1.64200725210411,1.10750369350163,1.00405222018692,0.982016498606407
Q9HBL0_TNS1,-1.66715099033849,-0.994129669819569,1.77497503791049,-1.31259672096807,-0.312262073373706,-0.790294979721057,-0.36437223545135,0.148235105763655,0.867313342264487,1.01530596495876,1.09371981534085,0.360818600861199,0.697126488090148,0.688586138098933,-1.08241711701606,-0.388332980238045,0.126687913067694,0.300085565479993,-0.141711545801826,0.467688456286769,-1.35059260388652,-0.882560777601927,-0.551782626474861,1.88287659939091,0.83255368470537,0.447604155244467,-0.0758699830655904,0.912037744189638,0.779844968466113,-0.486558012662077,-0.138599962690921,-2.42903299734226,-0.860974994175701,1.43378069050855
Q9BW30_TPPP3,-1.28802597626971,-1.28802597626971,-1.28802597626971,2.01513198218679,-1.28802597626971,-1.28802597626971,-0.265129448359797,-0.189811742117906,-0.395600463074392,0.1990938913364,1.39992408570431,-0.263646459631401,0.297435474567981,1.48026128297676,1.00583503557343,0.743429303991302,-0.891456033934293,0.46463012541597,0.834420999776286,0.196909523100514,-1.43663339043024,1.19470895565481,-1.28802597626971,-0.912828587435137,1.5052883468638,0.0669631311810423,-1.28802597626971,-0.838003442166758,0.191500602041374,0.0415567542431172,0.55353574092843,0.452272645131534,0.376075026633662,1.19031849373041
P11150_LIPC,-2.28649169413498,-0.393648521599916,-0.664726112751739,1.18306459705864,-0.777754071438014,-0.0446616005204468,-2.28649169413498,0.0702650868647613,0.983407656832381,0.511766858556928,0.606699028127477,0.44554503099033,0.700005436181619,0.831540190863672,-2.28649169413498,-0.374146533819028,-1.40388190949759,0.956073840431221,1.19137852593912,-0.0532875212767106,0.466164911303509,0.530749147569657,-1.37575160813667,-0.807842266122555,0.716285748724023,-0.0566720473872809,0.08257896945905,0.163204063185343,-0.047941687877106,0.782455104322781,-0.0509033411595607,1.43890850135645,0.293844604301269,0.956755001923327
P23280_CA6,-1.38986111299584,-1.09249273668288,0.116336164072487,-0.374275323785728,0.590634126015497,-1.38986111299584,-0.380816066610005,0.599524703397162,-0.767342781361859,0.962163343248317,-0.0323403815021329,1.32488155105411,0.391225327824471,1.07217254768666,2.04674331222447,0.0932931880895444,0.219126292300369,0.493136133698395,0.818680677872878,-0.242888005798654,-1.38986111299584,-1.38986111299584,-1.38986111299584,-0.544556169851954,0.82373285656977,0.798819728288116,0.815724749686651,-1.38986111299584,1.35933267145603,0.6027157055052,-1.38986111299584,-1.38986111299584,0.556911261749709,0.868446028820083
Q9UBE0_SAE1,-1.80170950413931,0.428742093519622,-0.616316503605745,0.635915164084303,-1.80170950413931,-1.80170950413931,-0.655728182325752,-0.51419962184042,0.682617080193876,1.10741425121268,0.984487016115692,0.24202771235127,0.750535972551083,1.63573261205398,0.094585690557336,-0.987570806411237,0.718994745406398,0.262054417435283,0.78627249304527,-0.25233367955398,0.571816218228907,0.863987434954847,-1.80170950413931,-1.05626136232692,1.5475328091117,-0.720105220104762,0.103652483393257,0.531151575690045,0.218190007660857,-0.208593036258273,-1.80170950413931,1.00378615045965,0.282843120677922,0.567316884419655
P22004_BMP6,-1.72659721134753,-1.72659721134753,0.158651638970015,1.69434689004828,-1.36924099361742,-1.18306061413715,-0.881278831573643,0.658264764900989,-0.320764240086351,0.334111857184688,0.44804884177207,0.672087528075495,0.574624417011089,1.11368951378344,0.527614063661217,-0.474230854227549,-0.470754183433587,0.892331931539201,0.794151835302197,0.61998459048734,-0.362714959793775,-1.72659721134753,-1.270610399457,-0.478635034218968,1.05248874567913,-0.234808975993931,0.099650372346159,0.00903767354521054,0.0522284909473389,-0.0654343200935833,-1.47547761118362,2.1077838482618,0.903230849931403,1.0544747984121
P29323_EPHB2,0.974828494876472,-1.596566646371,0.519632942098438,-1.596566646371,0.149662356237153,0.171861452485373,0.368097172116511,0.737482432315823,0.597854875403226,1.0457718481024,0.732917971720636,0.533123498123204,1.02342995916353,0.510555752325729,-1.596566646371,0.837394077270861,0.319346955992305,-1.596566646371,0.85032264047877,0.310190694767929,0.201720163767553,-1.596566646371,-1.596566646371,0.255542507332676,0.535516949491476,0.558857983322221,-1.596566646371,0.510225051750747,0.370229598088402,0.739498093555318,0.526084172863357,0.988952173688848,-1.596566646371,-1.596566646371
Q6P988_NOTUM,0.23433837642962,-0.854388331723901,0.0828913792957439,1.58424792912653,-1.54908059652105,-1.17732686748962,-0.911708814559568,0.0386672399378609,1.53293632013849,1.69521790801059,1.18278360299249,0.699577082987683,1.28725448899041,1.18689577472064,-0.484812063412323,-0.595625465315875,0.0995350141176926,0.250643597696963,1.00593623187648,-1.38548914864486,0.965205779506988,-0.460724641063228,-1.48360084103075,-0.600386169275563,0.773729908151105,-0.261606286963439,0.170563918635991,-0.594330824531984,0.365605234592335,-1.79896362648177,-1.27748128884584,-0.270354442014126,-0.539667774906366,1.08951739557265
Q9H6X2_ANTXR1,1.26136880750354,-0.838235961848249,-0.177970763155096,0.480826249748479,-1.0082774174901,-1.21947270484923,-0.461065847067034,1.19150936911786,0.0766808963385602,1.06002495710109,1.033472555609,0.593597109899067,1.21870271267427,0.836530791192493,0.115188227641651,0.317584304345308,-0.933646022512841,0.753139197629632,0.344664545309251,-1.1571637903069,-1.01148749018456,0.152201975052097,-3.44270728277715,-0.964958178124381,0.478532203178614,-0.390824628905629,0.265423105932567,0.0344897695704564,0.0728872972235809,-0.781941665154863,-0.775022434179804,1.04958599038667,0.531263068194013,1.29510105290765
Q9Y4R8_TELO2,-2.42220980923404,-0.753784884500631,0.610720152813678,-2.42220980923404,0.544956907013371,1.24699352870905,0.217694414382478,0.35458124499588,0.105088764170078,-0.178018308428167,-0.249937237421399,-1.06731189568917,1.84582453884528,-0.171086280525288,-0.254420321159409,0.86407876162727,0.624177237000808,-0.0309156292230267,0.667036816069819,0.0202345024105286,1.10607625637983,1.27649492826753,0.474931665505046,0.231590908596116,0.444966725366924,-0.65123033919154,-0.691554833806736,1.2396897481678,-0.208317856330907,-2.42220980923404,0.0963732884838686,-0.247301097487183,0.216692437955035,-0.417694715294819
Q86V85_GPR180,-0.691175681939021,1.12903664304554,0.236116771427402,0.559607164406579,-0.602765586100922,1.02447027756064,1.37219243182693,-0.238499007089724,-0.28000053948693,0.128890915077934,0.389959599240895,-0.559623148443366,-1.45991361293132,1.06191912382553,1.33487764074782,-0.126863117989321,-0.031021971788347,0.890557560722751,0.491987989515349,1.16889809745374,-0.644214088839029,-0.704479989224205,1.50572246054474,0.166089995145658,-0.863727850512053,-0.147891460203362,-1.67662296564546,-1.79018151466829,-0.356479616441843,-1.15144120221716,1.4217875845284,-2.38664449903188,0.446750232379385,0.382681365102931
Q6V0I7_FAT4,1.50075106440444,1.12160783061294,-1.07456315221385,-0.122490505913414,-0.430888123099805,-0.624801914638489,0.53302641992603,-0.123900110627345,-2.80512414584076,-2.80512414584076,0.576464297849742,-0.0225225332862751,0.574298905042912,-0.0169435947332226,0.714790056323104,0.181012376528594,-0.183360762499823,0.197841725850313,-0.0641790898822598,0.286998904060521,0.174364937107737,-1.04425394503702,-0.228267031562682,-0.794298477064411,0.371342702008527,0.299913549567904,0.446219383930223,0.536147263226123,-0.218062000097385,0.665061343208916,1.72342249630178,-1.32106591883716,0.411991233335416,1.56459096188943
Q9H257_CARD9,-2.41127259161395,-0.411379964042368,0.396207096914867,-2.41127259161395,0.309666643457847,0.531188988911377,0.0579198326240803,0.482834564791365,0.163877805189715,-2.21403904703868,0.212980223636921,0.0811316141141348,-0.396778053407277,0.442399964692845,-1.53560350350007,-0.349561095287842,0.396740343917501,0.363519324194027,0.613124887189003,0.00749462113246479,0.306477834978216,0.289546849953096,0.582962104022227,0.220390964983758,0.949187162548092,0.443318325373454,0.509006856816221,0.912828574147014,0.522928192795021,1.27625926253914,0.830258612356286,-2.41127259161395,0.723666824332798,0.515261962506622
P07942_LAMB1,-2.04092523965154,-1.03657949155455,-0.96324613481457,1.35000287124226,0.269245509975545,0.844240904909774,0.490397510007995,0.239168662260006,-1.05138638223837,-0.89470637054287,0.811426589530123,-0.245817824043283,-0.790620288777119,1.38882907765833,-1.64501174700625,-0.48341035337952,-0.302501301457068,-1.67249733311552,0.301755243977815,0.215553718181346,-1.65278229323808,-1.46317217135985,0.106657213809098,1.51078487567293,0.877676666645161,1.08155478116113,0.802760026009172,1.06899971906655,0.760111876799397,-0.086500445278687,0.305401348972929,0.643429901622627,0.649142527503838,0.612018351451246
P27169_PON1,0.0809954387234461,0.976012732860162,-1.28615407250438,1.3277806559175,-0.502931978443093,-1.07167107746753,-0.679230159495808,0.800019211148745,0.0799590756870769,1.25515075770542,0.869118308532949,-0.628145562215832,0.73344787479538,0.62175233908013,1.18324533788183,-0.496649663765845,-0.0576798459882129,-0.312786451206577,0.136608106672733,-1.77851252562269,-0.270062238502888,-0.0364603115868656,-2.62400094942912,-0.670589267441985,0.969012160822795,0.220275840490928,0.658533439295165,0.20345851633521,0.577333900822362,-1.30104372353818,-1.81714846621463,1.28372233388175,1.26589629443137,0.290743968338693
Q96PD5_PGLYRP2,0.433579825307471,0.338678444357748,-1.82574230797411,0.936876442478628,-0.155414149922453,-2.21605230067816,-0.649917667323048,1.41138308559518,-0.629545459668649,0.968619985547092,0.836509063774935,0.0348084484222065,0.145976990377984,1.27609230667271,0.751575290356358,-0.190781783605087,-0.877996959154744,-0.254423478038687,0.445391265958003,-1.48018133572812,-0.611911585729365,-0.0853173205727891,-2.81470702260223,-0.427442550533193,1.21800739723143,0.235210562889697,0.911119839115636,0.213428987244195,0.617299469509204,-0.675348088760004,-0.0992048770662184,1.05543228354019,0.788697553449062,0.375299645529116
Q9NRV9_HEBP1,-1.51517290165383,0.746689563565938,-1.51517290165383,1.71264856262134,1.12423215471564,-0.0197885896474287,0.28183067659701,-1.51517290165383,0.219305001844786,0.427014676270383,0.913560682413101,-0.080223787376971,1.55319790852174,-1.51517290165383,0.200695416843966,-1.51517290165383,-0.0844367376211244,-0.689889919447664,-0.229958266482465,-1.63970476507241,-1.26086239176395,0.61315812629917,0.241624399689547,-0.223650616826051,0.907583460113866,0.124506970558362,1.61774106591081,0.686228897715352,1.20338129653515,-1.51517290165383,0.0835019641984089,0.177343471489948,0.378049074528944,0.107259113727613
P09104_ENO2,-2.60240643924893,-0.618198996788502,0.708249373275752,0.0119340180516167,2.02026556245928,-0.214584523370059,0.683920868790052,-1.02598836214094,-1.72235798376059,0.56226092567489,0.0455245772138769,0.811388146822059,-0.701669663431786,-0.953963715921551,-0.695095949293192,-1.43340596859895,1.2869044019555,-1.04352249426521,-0.542409235471376,-0.0625581526854818,-1.12270003668393,0.209461284741518,-0.282025028741048,1.35135520199231,0.618606389303538,1.16835783172469,0.518676641715527,0.731859128275679,0.387105823188894,-0.473953347223434,0.234800938639743,0.67296718428448,1.45742177001972,0.0137798294958346
P55287_CDH11,0.779334523624674,0.177859906935147,-1.18887981777371,0.553386033433241,-0.179261726188467,-0.61783925270327,-0.709604538441684,1.3349866554748,-0.844720665778573,0.428817308987484,0.471633507796825,0.264318299681624,-0.270239674011648,0.865603885548656,0.39074562522544,0.57304627409346,-1.95029852493018,0.888138014814,-0.504174988086571,-0.373643363318259,-1.95029852493018,0.059463193676233,-2.9705723728831,-0.895075388552773,-0.10431494986455,0.838704176662427,0.156133976808084,0.982678191349475,0.0761859783063125,1.52148875949435,0.211634031730408,0.442386273606192,1.65851447672667,-0.116135306512533
Q5T749_KPRP,1.11997960993542,0.0176923096241121,-0.807708450888811,1.16691142667458,0.63942242715985,-1.77240774751782,-0.026193978509539,-0.0994041975309952,-2.23170860347405,-0.619667216617626,0.1563383711913,-0.968492975691623,-0.265671763659209,-0.216448758367771,0.266976414670657,-0.107742377171302,0.325274070679891,0.475495852416516,0.706654155741166,-0.44522225950458,0.964373229080921,-0.886935726324342,-2.23170860347405,-1.09434711531696,0.721458992815533,-1.58798515382351,0.15059233447392,1.68785623567572,0.591791486169648,0.942668351179736,1.26988811224008,0.355009264141341,1.21926146506284,0.58400081893895
Q14623_IHH,0.515610891618085,0.456806126677431,0.332808679744347,0.682614764725182,-0.716225533518037,-1.70120123486738,-1.21815507099985,0.589344049201135,-0.167065030075038,1.78815730929347,0.575565330858537,-0.5013720658827,0.736249443710313,1.12191843697295,1.11836496315188,-0.37302456983529,-0.339413713618648,1.28946839227756,-1.70120123486738,-0.0604872994112588,-0.997455044908881,-1.70120123486738,-1.70120123486738,-1.96167439092656,1.24979750335403,0.231039158253027,0.476461689519047,0.438372608305416,0.0838924464800404,0.214409598606115,-0.499177161381597,1.41491605831722,0.244870822342821,0.0781865466187535
Q99497_PARK7,-2.35074247529537,-0.346871359708209,-0.353302500926854,0.722888618702079,0.62427304031553,0.453271894674033,-0.192915617053665,0.42868430054088,-0.190849070599365,1.45557391946961,0.324901708774615,0.0754592463062449,1.17367354422262,0.305565255186704,-1.36611906206915,-0.273036708783488,-0.101507630271311,-0.835592619885534,-1.48652535133821,-1.2098504506176,-1.28177187051041,-0.856970727113579,-0.455098760808967,0.865154667451925,0.313969761779708,1.2707924869332,1.15637310174701,1.36473942098468,1.27918748021407,-0.0448104313871595,0.612479025162176,-2.02988177192492,1.18148240470896,-0.232623468880259
P69905_HBA2,-0.789250684059628,-0.658538046479952,0.742002030213242,-0.284256674525862,0.385461349515858,-0.575861411546714,-0.275488307879699,-1.26467603325139,2.29318910892554,2.18331972738151,1.51531743056944,1.04747954818389,1.96848757359155,-0.334796963070901,-1.04333675710441,-0.309463235194117,-0.572322884062403,-1.04670375584376,-0.104867571799801,-0.588843386658999,-0.571552658918425,0.590956337594315,-1.1439791057188,-1.18999366900501,0.175163603447853,-0.909019383303095,-0.0490990628886148,-0.00638166339711299,1.5543177862535,-0.613148666234908,-0.482059600077906,-0.287138733226683,-0.45541710501635,1.10050086358783
P51884_LUM,0.403341596871869,-0.133637911456408,-0.733095215097402,1.16373363456303,-0.652713065472859,-1.4881344279188,-1.45855440894895,0.618226752772339,-1.10257056303289,0.29555595719952,0.251663600873533,0.0520803405669053,-0.00820381489224209,0.204038432254534,0.992815610777246,0.0851943642968806,-1.42362876755257,0.706906143572163,0.50879166575647,-0.982655202246017,-0.77406066512129,0.723734968313442,-3.00388690884121,-1.04609279423511,1.56490092191847,1.07422644585114,0.701385154851661,1.07720040280422,0.31612382550929,-0.268749776754386,-0.426133686918203,1.21730062796429,0.994099300382179,0.550797461389145
P06727_APOA4,0.863320260810148,0.772867731477686,-0.313395063408967,1.11791252165534,-0.625869765548969,-1.65005859177706,-1.40136052584308,-0.418113362394574,-0.163935260543691,0.676359874276839,0.573968552700938,0.107455210111284,0.435657530693428,0.63202371103564,1.70065472059741,0.0585302560961226,-1.04451470021685,0.538625745566285,-0.203201882313982,-1.05986037151058,-1.11057949447069,0.242058749197123,-3.01288246720405,-1.08098401114563,1.13425211256891,0.453926332703063,0.562928042731866,0.607680133070339,-0.24559672608755,0.189434029863339,-0.953729538000535,1.74889059052975,0.580369341007188,0.287166313773532
P55290_CDH13,0.649343585620177,1.08157421446973,-0.659556311929547,0.79062966933653,-1.20402815019453,-0.639202510595108,-0.102296436205705,1.54696664371526,-0.304144286750453,1.18777130754332,0.83546219312415,-1.13607166522946,-0.357379490502804,0.972524453092512,0.519177174677605,0.757433915076941,-1.68441921502,0.548439761110742,-0.0230146545070475,-1.68292311199492,-1.21339883888549,-0.654050493510549,-2.78714877939275,-0.572771849763011,1.22623656274151,1.08632515527922,0.00937351930934228,1.0196016634239,0.121789090442536,-0.0573046925793664,0.0970977840918426,-0.531232419118276,0.632598598586837,0.526597614536853
Q9HCL0_PCDH18,-1.03090495800636,1.44639340692733,-1.03090495800636,0.951218089622203,0.623779767762454,-1.03090495800636,-1.03090495800636,1.25646376490772,-1.03090495800636,0.216396678015684,0.570496381995199,0.353902871393719,0.900345496174153,1.45323782839028,-1.03090495800636,-1.03090495800636,-1.03090495800636,0.0232248295863021,1.11782372299538,-1.03090495800636,-0.788375213395309,-1.03090495800636,-1.32878800668921,-0.808903581076103,1.64261159694034,0.55194345665058,-1.03090495800636,-0.442156567777347,0.735720359452052,-0.642916441980418,0.689504193188814,1.59652033236492,1.20655809320901,0.014953479412142
P32119_PRDX2,-0.882726751686379,-0.212012814843347,-0.192963939670858,1.73086224972807,1.42626473391598,-1.16703715598322,-0.11266104898941,-0.392748618723521,0.681097371843784,1.98185295839515,0.72335632260666,1.0194118177671,1.42608457692228,-0.218403065932345,-0.407280424690581,0.102591706256393,-1.65166079498207,-0.659858160324964,-0.269452580789731,-1.38503715113368,-1.77492911653596,0.883729454945883,-1.16487349070031,-1.32118370355691,0.18075416242052,-0.979426672550035,1.40876110157566,0.714303474803243,0.795012806357311,-0.514609048284296,0.565641220750356,-0.460939032718247,0.42129854117729,-0.293218927369814
Q6ZSY5_PPP1R3F,0.742633908135513,0.527682085821062,-0.0525766209240444,0.794208625234169,-2.61259067421723,-0.786754035529881,-0.738743209575308,-0.0240010712336937,-0.104619348254966,-2.61259067421723,0.812265963054193,0.551954397428397,-2.61259067421723,0.483390525038912,1.41069343000376,-0.203051675150673,-0.125580662844875,0.429215573479104,0.0887622774652434,-0.226691415125392,-0.673645758491247,0.247989478123527,-0.997041439352448,-0.122546589892016,0.989743979827179,0.72886769683695,0.495447626255269,0.800016204280423,0.325541288839144,0.387210120218802,-0.341178755468269,1.12114801440209,0.609710341400825,0.68772106864995
P21980_TGM2,-0.200800333744699,0.379716935770248,-0.442860941496145,1.62572125616142,0.990922175783239,-1.27402133893713,-0.0221386071209177,-0.051654654733263,0.130849599699802,1.81876073347368,0.500996199062288,0.497907395383154,1.26896283325037,-0.564263104593837,-0.155333715220894,0.424778222519998,-1.20306904829957,-0.987997036397216,-0.368649598251067,-1.30208597602101,-2.75819319699585,1.48265983538807,-1.07363699097588,-1.45865014924992,-0.375692773143047,-0.753696521068195,1.06824104752778,0.165860021195963,0.638723506276087,1.25251377447733,-0.0297334355309598,0.284847510619883,0.165676582817835,0.325339792372454
Q9H251_CDH23,0.528319096989176,0.317219799930701,0.247163487452859,0.710827939484144,-0.780614816431142,-0.922940253378061,-0.262399701604922,0.602112322071879,-0.914761542122718,1.69674396332477,1.30517249259355,0.229252845083684,0.793382901503066,0.775151325175132,-1.38089279495893,-1.38089279495893,-1.38089279495893,1.37237123795096,0.695799038130554,-0.237863842523542,-1.38089279495893,-1.38089279495893,-1.38089279495893,-1.10341315594247,1.47509609191494,0.175015938661759,-0.387697405599774,0.780239280006873,0.00813886092704951,-0.749325860968047,-0.314937593333355,-0.588266860232841,0.979747136683135,1.85582404400621
A0A1B0GTC6_C3orf85,1.6670667573538,0.35013262884173,0.130769637147632,0.562511460451335,-0.302374807037613,-0.552232699648768,-1.09018467932537,0.865687720027988,0.465533820392499,0.501089010809713,0.171161428550523,-0.148040803409288,0.825828582455016,0.726541393568637,1.11186936147645,0.210348863209934,-0.0390613204690081,0.104014668079901,-1.51278232031252,-1.28568911792461,-1.22203512803773,-3.19392089163567,-2.08486333285835,-0.571801707961311,1.44257339896916,0.617072013105035,0.548083445681155,-0.00198566462861788,0.144034291894616,0.0913748886444941,0.720603494217307,-0.380028746257617,0.504545354478595,0.624159000150951
P30043_BLVRB,-0.117961319321721,0.225874616577206,-0.268826706125221,1.45149396003871,0.595664843838613,-1.39981027711562,0.303611955064802,-0.878264363753621,0.661899380415268,1.8029312545494,0.51136910428009,0.791699236985903,1.56567509868714,0.340255414415954,0.00533417545264425,-0.0538639633584443,-1.5231215695084,-0.554479428772491,-0.0267339075316054,-1.592181226383,-1.73923563746086,1.16184642746463,-1.69142293232095,-1.52544214633718,0.284474537509813,-1.33155123296953,1.51636788682668,-0.165528026623933,0.750719670642468,-0.529419941233801,0.355459752913217,0.301565113790316,0.673694355366957,0.0979058939965446
Q96MI9_AGBL1,1.40396584795842,-1.52370051283981,-0.883831075383633,1.19279645260527,-0.902313823966131,0.463467272093462,0.621959636564385,0.155066293265197,0.326318212228059,0.560743967736496,0.768459665026499,-1.52370051283981,0.509957504403864,1.37119272687136,0.575005133904997,-1.52370051283981,0.29608046831692,-1.52370051283981,-0.075935340476495,-0.437526450944472,-1.52370051283981,0.417185159156925,-1.52370051283981,-1.52370051283981,1.10034635056768,0.305613663964241,0.607208974784358,0.252233631505463,-1.52370051283981,0.240567791837422,0.379419687931469,1.14331146360463,0.963005421280585,0.835305467881481
Q9NVZ3_NECAP2,-3.06236938032044,-0.80178719645614,0.135447602724772,-0.212187710588301,-0.0418846615205842,0.689310390297831,0.177239574871071,0.827140346650429,-0.201806232011823,1.08524683225367,0.717023016473079,0.43809271684822,0.379423924810335,0.632543799977382,-1.63707989690601,-0.588489441419197,0.289357004988041,-0.531157462911883,-0.616344591255749,0.0589591944522978,-2.50137762077589,0.0741937025969937,0.0452290126330577,0.651028898503939,-0.205972040244708,1.48597827378416,1.23319836466213,-0.217449396152081,1.06994822317192,0.485079345180087,0.739357099729519,-1.58220473127963,0.326428537003448,0.659884500230058
P49747_COMP,-0.192439458482416,0.21930516712094,-0.0468070698731367,-0.0192912858096707,-0.330031356445461,-1.15999471822211,-1.22308917189042,0.32319196373249,-0.693214229014671,0.349533394405959,0.587511174322332,0.669170712633188,0.148871353440993,0.789157871795777,0.260927268432084,0.0496314513504181,-0.784467788405548,1.38489133162708,-0.016646787320761,-0.681758077100283,-2.32493724942201,-0.0774738758773299,-3.07441462145554,-0.789485030073237,1.16501788520365,0.349245722316291,0.0991723275142693,1.33034292284794,0.300537842752731,0.0570780609288398,-0.582957984817353,1.8581280781973,0.982115365770757,1.07317880981691
P49746_THBS3,0.830468567198418,-0.537831693092937,-0.558981341130324,0.180266003928449,-1.10698548752029,-1.41350514976278,-1.05115965281619,0.201226342651179,0.334620318127744,0.801639532608991,0.89437952683149,1.09855232865616,0.798697321454951,0.632589871579608,-0.538432739546441,-0.13895279393078,-1.02378960934049,0.828177732803225,0.809041376796639,-0.685772562169133,-0.71429004466372,0.134198818709868,-2.90344093188228,-1.459087717865,1.55970914011711,0.109917810276024,-0.0550276065598893,0.361349142923529,0.157433890911788,0.00228697418919814,-1.30855600715266,0.916663225429194,1.26256748810297,1.58202792413637
